1,CEZ,CEZ as,Warsaw,Utilities,Electrical Utilities & IPPs,PLN 81.57B,17x,-0.29,PLN 153.50,0.7%
2,SPL1,Santander Bank Polska,Warsaw,Financials,Banking Services,PLN 50.63B,10.4x,0.26,PLN 495.50,-0%
3,ALEP,Allegro,Warsaw,Consumer Cyclicals,Diversified Retail,PLN 40.29B,136.4x,0.87,PLN 38.20,1.9%
4,INGP,ING Bank Śląski SA,Warsaw,Financials,Banking Services,PLN 35.26B,8x,0.09,PLN 271,1.3%
5,DNP,Dino Polska,Warsaw,Consumer Non-Cyclicals,Food & Drug Retailing,PLN 33.61B,23.5x,1.27,PLN 342.80,0.2%
6,LPPP,LPP SA,Warsaw,Consumer Cyclicals,Specialty Retailers,PLN 26.48B,14.9x,0.03,"PLN 14,270",-2.5%
7,MBK,mBank,Warsaw,Financials,Banking Services,PLN 25.56B,43.9x,0.28,PLN 601.40,2.3%
8,CDR,CD PROJEKT,Warsaw,Technology,Software & IT Services,PLN 17.41B,34.2x,0.66,PLN 174.30,1.5%
9,BNP1,BNP Paribas Polska,Warsaw,Financials,Banking Services,PLN 15.15B,13.3x,0.18,PLN 102.50,1%
10,BDXP,BUDIMEX SA,Warsaw,Industrials,Construction & Engineering,PLN 15.08B,20.2x,0.69,PLN 590.50,-0.6%
11,ALRR,Alior Bank SA,Warsaw,Financials,Banking Services,PLN 12.98B,5.6x,0.05,PLN 99.42,1.3%
12,BHW,Bank Handlowy w Warszawie,Warsaw,Financials,Banking Services,PLN 12.17B,5.7x,0.43,PLN 93.20,0.5%
13,OPL,Orange Polska,Warsaw,Technology,Telecommunications Services,PLN 10.72B,14x,-1.21,PLN 8.17,0.2%
14,MILP,Bank Millennium SA,Warsaw,Financials,Banking Services,PLN 10.49B,18.2x,0.07,PLN 8.65,1.5%
15,PCOP,Pepco Group,Warsaw,Consumer Cyclicals,Diversified Retail,PLN 10.44B,35.8x,-0.38,PLN 18.13,-0.6%
16,CCCP,CCC SA,Warsaw,Consumer Cyclicals,Specialty Retailers,PLN 9.10B,65.3x,0.45,PLN 132.10,-2.3%
17,KRU,Kruk SA,Warsaw,Financials,Banking Services,PLN 8.37B,7.7x,0.22,PLN 433.40,0.8%
18,CPS,Cyfrowy Polsat SA,Warsaw,Technology,Telecommunications Services,PLN 8.14B,17.8x,-0.44,PLN 12.73,-1.3%
19,BFT,Benefit Systems SA,Warsaw,Industrials,Professional & Commercial Services,PLN 7.84B,16.1x,0.09,"PLN 2,650",0%
20,KTY,Grupa KĘTY SA,Warsaw,Basic Materials,Metals & Mining,PLN 7.64B,13.3x,3.04,PLN 784.50,-0.3%
21,XTB,X Trade Brokers,Warsaw,Financials,Investment Banking & Investment Services,PLN 7.47B,9x,0.49,PLN 63.56,-1.4%
22,CARP,Inter Cars SA,Warsaw,Consumer Cyclicals,Automobiles & Auto Parts,PLN 7.37B,11.3x,-0.52,PLN 520,1.2%
23,TPE,Tauron Polska Energia,Warsaw,Utilities,Multiline Utilities,PLN 6.41B,5.5x,0,PLN 3.66,0.9%
24,ACPP,Asseco Poland SA,Warsaw,Technology,Software & IT Services,PLN 5.84B,12.9x,1.13,PLN 85.60,1.2%
25,ENGP,Energa SA,Warsaw,Utilities,Multiline Utilities,PLN 5.81B,-11.5x,0.09,PLN 14.04,2.6%
26,ENAE,Enea SA,Warsaw,Utilities,Electrical Utilities & IPPs,PLN 5.59B,49.7x,0.34,PLN 10.56,1.2%
27,EATP,Amrest,Warsaw,Consumer Cyclicals,Hotels & Entertainment Services,PLN 5.20B,29.7x,0.02,PLN 23.90,3%
28,PEPP,Polenergia SA,Warsaw,Utilities,Electrical Utilities & IPPs,PLN 5.05B,16.4x,0.32,PLN 65.40,-0.3%
29,DOMP,Dom Development SA,Warsaw,Consumer Cyclicals,Homebuilding & Construction Supplies,PLN 4.10B,9.4x,5.12,PLN 159,-2%
30,GPPP,Grupa Pracuj,Warsaw,Industrials,Professional & Commercial Services,PLN 3.81B,21.4x,0.9,PLN 55.80,0%
31,KER,Kernel Holding SA,Warsaw,Consumer Non-Cyclicals,Food & Tobacco,PLN 3.75B,10.1x,-0.21,PLN 12.78,0.2%
32,NEUP,Neuca SA,Warsaw,Healthcare,Pharmaceuticals,PLN 3.69B,23.6x,0.94,PLN 824,-1.9%
33,OPGP,Cpi Fim,Warsaw,Real Estate,Real Estate Operations,PLN 3.13B,-18.5x,0.15,PLN 2.54,5.8%
34,JSW,JSW SA,Warsaw,Energy,Coal,PLN 3.02B,-10.6x,0.1,PLN 25.73,-1.8%
35,APR,Auto Partner,Warsaw,Consumer Cyclicals,Automobiles & Auto Parts,PLN 2.98B,13.4x,1.21,PLN 22.85,-0.2%
36,ASEP,Asseco South Eastern Europe,Warsaw,Technology,Software & IT Services,PLN 2.61B,13.5x,,PLN 50.20,-1.2%
37,WPPL,Wirtualna Polska,Warsaw,Technology,Software & IT Services,PLN 2.61B,16.1x,1.47,PLN 88,-2.1%
38,CMR,Comarch SA,Warsaw,Technology,Software & IT Services,PLN 2.60B,26.2x,22.86,PLN 320,0.2%
39,DVLP,Develia,Warsaw,Real Estate,Real Estate Operations,PLN 2.51B,8.2x,0.84,PLN 5.55,1.8%
40,VRCP,Vercom,Warsaw,Technology,Software & IT Services,PLN 2.51B,35.9x,0.27,PLN 113.50,1.8%
41,GTCP,Globe Trade Centre,Warsaw,Real Estate,Real Estate Operations,PLN 2.48B,67.6x,-1.24,PLN 4.31,-2.1%
42,1AT,Atal SA,Warsaw,Consumer Cyclicals,Homebuilding & Construction Supplies,PLN 2.17B,5.4x,0.41,PLN 50.30,-0.6%
43,TXTP,Text,Warsaw,Technology,Software & IT Services,PLN 2.12B,12.7x,1.72,PLN 82.30,0.2%
44,MLGP,MLP Group,Warsaw,Real Estate,Real Estate Operations,PLN 1.92B,-31x,0.26,PLN 80,3.1%
45,ABSP,Asseco Business Solutions,Warsaw,Technology,Software & IT Services,PLN 1.91B,18.8x,1.35,PLN 57.20,1.1%
46,PLWP,Playway,Warsaw,Technology,Software & IT Services,PLN 1.82B,15.9x,4.04,PLN 275.50,0.7%
47,GPW,Gielda Papierow Wartosciowych w Warszawie,Warsaw,Financials,Investment Banking & Investment Services,PLN 1.78B,11.4x,0.62,PLN 42.45,-0.1%
48,CBF,Cyber_Folks,Warsaw,Technology,Software & IT Services,PLN 1.77B,30.8x,0.23,PLN 125,-0.8%
49,ECH,Echo Investment SA,Warsaw,Real Estate,Real Estate Operations,PLN 1.77B,25.1x,-1.03,PLN 4.28,-0.2%
50,ATTP,Grupa Azoty SA,Warsaw,Basic Materials,Chemicals,PLN 1.76B,-0.7x,0,PLN 17.70,-1%
51,PCR,PCC Rokita,Warsaw,Basic Materials,Chemicals,PLN 1.75B,12.2x,-0.16,PLN 88.30,-0.2%
52,ARHP,Archicom SA,Warsaw,Consumer Cyclicals,Homebuilding & Construction Supplies,PLN 1.75B,4.6x,0.06,PLN 29.90,0.3%
53,EUR,Eurocash SA,Warsaw,Consumer Non-Cyclicals,Food & Drug Retailing,PLN 1.59B,24.8x,-5.36,PLN 11.46,1%
54,NWGP,Newag,Warsaw,Industrials,"Machinery, Tools, Heavy Vehicles, Trains & Ships",PLN 1.58B,18.5x,0.25,PLN 35,0.3%
55,11B,11BIT,Warsaw,Technology,Software & IT Services,PLN 1.50B,-422.5x,3.51,PLN 620,-0.3%
56,ABEP,AB SA,Warsaw,Technology,"Computers, Phones & Household Electronics",PLN 1.50B,9.5x,-56.18,PLN 94.80,-2.3%
57,RBW,Rainbow Tours SA,Warsaw,Consumer Cyclicals,Hotels & Entertainment Services,PLN 1.47B,7.7x,0.02,PLN 101,4.2%
58,CLNP,Celon Pharma,Warsaw,Healthcare,Pharmaceuticals,PLN 1.44B,-40.2x,-2.45,PLN 26.80,-0.7%
59,MRB,Mirbud SA,Warsaw,Industrials,Construction & Engineering,PLN 1.42B,7.6x,0.28,PLN 12.86,-2.6%
60,MURP,Murapol,Warsaw,Real Estate,Real Estate Operations,PLN 1.37B,8.5x,,PLN 33.60,-0.6%
61,DBC,DĘBICA SA,Warsaw,Consumer Cyclicals,Automobiles & Auto Parts,PLN 1.34B,13.9x,-0.35,PLN 97,0%
62,SGN,Sygnity SA,Warsaw,Technology,Software & IT Services,PLN 1.34B,34.2x,0.68,PLN 58.80,3.2%
63,COGP,Cognor SA,Warsaw,Basic Materials,Metals & Mining,PLN 1.33B,34x,-0.21,PLN 7.78,0.3%
64,ATC,Arctic Paper SA,Warsaw,Basic Materials,Paper & Forest Products,PLN 1.27B,6.4x,-0.12,PLN 18.34,-3%
65,STP,Stalprodukt SA,Warsaw,Basic Materials,Metals & Mining,PLN 1.25B,-19.1x,0.16,PLN 231,0%
66,PCE,Grupa Azoty Zaklady Chemiczne Police,Warsaw,Basic Materials,Chemicals,PLN 1.24B,-1.1x,0,PLN 10,0%
67,MCI,MCI Management SA,Warsaw,Financials,Investment Banking & Investment Services,PLN 1.23B,7.2x,-0.25,PLN 23.40,1.3%
68,RVU,Ryvu,Warsaw,Healthcare,Biotechnology & Medical Research,PLN 1.23B,-13.1x,2.63,PLN 53,-0.4%
69,GEA1,Grenevia,Warsaw,Basic Materials,Metals & Mining,PLN 1.22B,4x,0.33,PLN 2.12,0%
70,BOSP,Bank Ochrony Środowiska,Warsaw,Financials,Banking Services,PLN 1.21B,24.3x,-0.33,PLN 13.05,-0.4%
71,SHO1,Shoper,Warsaw,Technology,Software & IT Services,PLN 1.17B,41.2x,0.72,PLN 41.60,-0.9%
72,SNTP,Synektik,Warsaw,Healthcare,Healthcare Equipment & Supplies,PLN 1.15B,14.6x,,PLN 135.20,-0.9%
73,UNTP,Unimot,Warsaw,Energy,Oil & Gas,PLN 1.14B,2.7x,0.11,PLN 139,-0.1%
74,SLV1,Selvita,Warsaw,Healthcare,Biotechnology & Medical Research,PLN 1.12B,19.4x,0.13,PLN 60.80,-1.3%
75,ASBP,ASBISc Enterprises,Warsaw,Technology,"Computers, Phones & Household Electronics",PLN 1.11B,6.4x,-0.15,PLN 19.91,-0.4%
76,HUGP,Huuuge,Warsaw,Technology,Software & IT Services,PLN 1.09B,5.2x,0.04,PLN 19.52,-2.3%
77,BORY,Boryszew SA,Warsaw,Basic Materials,Metals & Mining,PLN 1.09B,13.1x,-0.41,PLN 5.33,-1.7%
78,GOBP,Gobarto,Warsaw,Consumer Non-Cyclicals,Food & Tobacco,PLN 1.08B,12.7x,0.94,PLN 38.90,-1.3%
79,ENTP,Enter Air,Warsaw,Industrials,Passenger Transportation Services,PLN 1.08B,7.2x,0.38,PLN 61.30,-0.3%
80,MNCP,Mennica Polska SA,Warsaw,Financials,Investment Banking & Investment Services,PLN 1.02B,10.5x,0.06,PLN 20,0%
81,TARP,Tarczynski,Warsaw,Consumer Non-Cyclicals,Food & Tobacco,PLN 1.02B,6x,0.07,PLN 90,-1.1%
82,SKA,ŚNIEŻKA SA,Warsaw,Basic Materials,Chemicals,PLN 1B,13.8x,0.2,PLN 79.60,1%
83,ZAPP,Grupa Azoty Zaklady Azotowe Pulawy,Warsaw,Basic Materials,Chemicals,PLN 997.80M,-2.1x,0.25,PLN 52.20,-0.8%
84,MBR,Mo-Bruk SA,Warsaw,Industrials,Professional & Commercial Services,PLN 988.88M,13.8x,-0.63,PLN 281.50,-0.2%
85,VOXP,Voxel SA,Warsaw,Healthcare,Healthcare Providers & Services,PLN 985.14M,11.1x,0.11,PLN 93.80,2.9%
86,ZEEP,Zespol Elektrowni Patnow Adamow Konin,Warsaw,Utilities,Electrical Utilities & IPPs,PLN 910.76M,0.8x,0,PLN 17.92,-0.9%
87,VRGP,VRG,Warsaw,Consumer Cyclicals,Textiles & Apparel,PLN 848.73M,8.5x,1.74,PLN 3.62,1.7%
88,LWBP,Lubelski Wegiel Bogdanka,Warsaw,Energy,Coal,PLN 846.94M,1.4x,0.01,PLN 24.90,-1.9%
89,PKPP,PKP Cargo,Warsaw,Industrials,Freight & Logistics Services,PLN 808.85M,-5.8x,0.04,PLN 18.06,-1.9%
90,SELP,Selena FM SA,Warsaw,Basic Materials,Chemicals,PLN 800.65M,11.4x,-1.15,PLN 37,-1.9%
91,OPN,Oponeo.pl SA,Warsaw,Consumer Cyclicals,Specialty Retailers,PLN 782.01M,16.9x,0.3,PLN 69.60,0.9%
92,WWL,WAWEL SA,Warsaw,Consumer Non-Cyclicals,Food & Tobacco,PLN 762.19M,10.5x,0.16,PLN 590,-3.3%
93,FROP,Ferro SA,Warsaw,Consumer Cyclicals,Homebuilding & Construction Supplies,PLN 754.11M,11.5x,1.38,PLN 35.50,-0.3%
94,TOR,Torpol,Warsaw,Industrials,Construction & Engineering,PLN 746.53M,8.1x,-0.17,PLN 32.50,-2.7%
95,KGN,Kogeneracja SA,Warsaw,Utilities,Multiline Utilities,PLN 745M,4.1x,-0.11,PLN 50,1.2%
96,PXMP,Polimex-Mostostal,Warsaw,Industrials,Construction & Engineering,PLN 739.68M,-4.7x,0.02,PLN 3.03,-1%
97,TRKP,Trakcja SA,Warsaw,Industrials,Construction & Engineering,PLN 726.73M,10.3x,0.09,PLN 2.16,-1.4%
98,ASTH,Astarta Holding NV,Warsaw,Consumer Non-Cyclicals,Food & Tobacco,PLN 725.50M,3.5x,-0.18,PLN 29.80,-0.7%
99,ONDP,Onde,Warsaw,Industrials,Construction & Engineering,PLN 701.03M,14.1x,0.01,PLN 12.86,-0.6%
100,STXPP,Stalexport Autostrady,Warsaw,Industrials,Transport Infrastructure,PLN 662.66M,5.9x,0.13,PLN 2.68,-1.8%
101,CLC,Columbus,Warsaw,Energy,Renewable Energy,PLN 632.03M,-13.8x,-0.28,PLN 9.19,15.2%
102,CFIP,CFI Holding SA,Warsaw,Consumer Cyclicals,Hotels & Entertainment Services,PLN 610.69M,13.1x,0.02,PLN 0.22,0%
103,AMB,Ambra SA,Warsaw,Consumer Non-Cyclicals,Beverages,PLN 599.92M,11.1x,-1.74,PLN 23.80,0.2%
104,MGTP,Mangata,Warsaw,Consumer Cyclicals,Automobiles & Auto Parts,PLN 595.58M,11.9x,-0.27,PLN 89.20,0%
105,PCF1,PCF Group,Warsaw,Technology,Software & IT Services,PLN 593.01M,-8.2x,0,PLN 16.50,-2.9%
106,DCR,Decora SA,Warsaw,Consumer Cyclicals,Homebuilding & Construction Supplies,PLN 575.87M,8x,0.11,PLN 54.60,-6.2%
107,OBL,Orzeł Biały SA,Warsaw,Industrials,Professional & Commercial Services,PLN 562.79M,5.9x,-0.89,PLN 33.80,-0.6%
108,ENE,ENEL-MED SA,Warsaw,Healthcare,Healthcare Providers & Services,PLN 559.95M,34.2x,0.2,PLN 19.80,0%
109,LBW,LUBAWA SA,Warsaw,Consumer Cyclicals,Textiles & Apparel,PLN 559M,9.6x,0.02,PLN 3.72,-2.1%
110,PBX,Poznanska Korporacja Budowlana Peka,Warsaw,Industrials,Construction & Engineering,PLN 543.70M,9.9x,-0.34,PLN 21.90,-3.5%
111,TOYA,Toya SA,Warsaw,Consumer Cyclicals,Household Goods,PLN 540.30M,7.6x,0.59,PLN 7.20,0.3%
112,WTN,Wittchen SA,Warsaw,Consumer Cyclicals,Textiles & Apparel,PLN 512.52M,9.2x,-0.47,PLN 27.80,-0.7%
113,PHN,Polski Holding Nieruchomości,Warsaw,Real Estate,Real Estate Operations,PLN 512.17M,-2.8x,0,PLN 10,0%
114,SNK,Stomil Sanok SA,Warsaw,Consumer Cyclicals,Automobiles & Auto Parts,PLN 512.12M,7.1x,0.85,PLN 19.64,-0.3%
115,RWLP,Rawlplug SA,Warsaw,Industrials,"Machinery, Tools, Heavy Vehicles, Trains & Ships",PLN 506.27M,15.5x,-0.25,PLN 16.30,6.5%
116,FTEP,FORTE SA,Warsaw,Consumer Cyclicals,Household Goods,PLN 495.37M,-8.2x,0.05,PLN 20.70,-1%
117,APTP,Apator SA,Warsaw,Industrials,"Machinery, Tools, Heavy Vehicles, Trains & Ships",PLN 493.80M,42.7x,-1.07,PLN 17,0%
118,AGOP,AGORA SA,Warsaw,Consumer Cyclicals,Media & Publishing,PLN 493.76M,15.4x,0.08,PLN 10.60,4.5%
119,AMCP,AMICA Wronki SA,Warsaw,Consumer Cyclicals,Household Goods,PLN 475.63M,"-1,190x",-6.33,PLN 62,-2.2%
120,CRI1,Creotech Instruments,Warsaw,Industrials,Aerospace & Defense,PLN 474.68M,-34x,0.61,PLN 199.50,-0.2%
121,DEK,Dekpol SA,Warsaw,Industrials,Construction & Engineering,PLN 473.32M,4.5x,0.11,PLN 56.60,-1.7%
122,TENP,Ten Square Games,Warsaw,Technology,Software & IT Services,PLN 459.77M,64.3x,-0.54,PLN 83.85,1.6%
123,ERB,Erbud SA,Warsaw,Industrials,Construction & Engineering,PLN 458.11M,17.5x,0.03,PLN 38.40,0%
124,PCXP,PCC Exol,Warsaw,Consumer Non-Cyclicals,Personal & Household Products & Services,PLN 457.98M,14.8x,-0.21,PLN 2.63,-0.8%
125,SCPP,Scope Fluidics,Warsaw,Healthcare,Biotechnology & Medical Research,PLN 456.32M,-20.2x,0.19,PLN 167.40,-0.4%
126,BSTP,Best,Warsaw,Industrials,Professional & Commercial Services,PLN 450.01M,8.1x,-0.14,PLN 20,0%
127,VGOP,Vigo System,Warsaw,Technology,Electronic Equipment & Parts,PLN 442.65M,66.6x,-1.12,PLN 506,-1.2%
128,SPRP,Spyrosoft,Warsaw,Technology,Software & IT Services,PLN 436.58M,26.4x,-0.72,PLN 400,-2.4%
129,EMCM,EMC Instytut Medyczny,Warsaw,Healthcare,Healthcare Providers & Services,PLN 428.47M,35.4x,0.08,PLN 10.20,0%
130,IMC,IMC,Warsaw,Consumer Non-Cyclicals,Food & Tobacco,PLN 427.78M,-5.3x,0.01,PLN 12.05,-5.5%
131,BLOP,Bloober,Warsaw,Consumer Cyclicals,Leisure Products,PLN 422.31M,30.3x,0,PLN 21.90,0%
132,LKD,Lokum Deweloper SA,Warsaw,Industrials,Construction & Engineering,PLN 421.20M,2.8x,0.03,PLN 23.40,0%
133,PENP,Photon,Warsaw,Utilities,Electrical Utilities & IPPs,PLN 419.57M,-7.9x,0.02,PLN 7.02,-0.3%
134,MRCP,Mercator WA,Warsaw,Healthcare,Healthcare Equipment & Supplies,PLN 417.69M,44x,0.43,PLN 42.75,0.6%
135,ANRP,Answear.Com,Warsaw,Technology,Software & IT Services,PLN 405.08M,32.7x,-0.53,PLN 21.35,-2.5%
136,WLTP,Wielton SA,Warsaw,Industrials,"Machinery, Tools, Heavy Vehicles, Trains & Ships",PLN 387.61M,5.2x,-0.14,PLN 6.42,0%
137,MCRP,Mercor SA,Warsaw,Industrials,Professional & Commercial Services,PLN 386.17M,7.9x,0.4,PLN 25,0.8%
138,ULM,ULMA Construccion Polska,Warsaw,Basic Materials,Construction Materials,PLN 381.03M,16.6x,0.29,PLN 72.50,0%
139,CTXP,Captor Therapeutics,Warsaw,Healthcare,Biotechnology & Medical Research,PLN 373.03M,,0.12,PLN 80,0%
140,HPEP,Hipower Energy,Warsaw,Technology,Software & IT Services,PLN 372.93M,-31.6x,-0.8,PLN 1.17,-0.9%
141,QRS,Quercus TFI SA,Warsaw,Financials,Investment Banking & Investment Services,PLN 369.58M,6.7x,0.06,PLN 6.70,-0.6%
142,OEXP,OEX,Warsaw,Consumer Cyclicals,Specialty Retailers,PLN 366.72M,11.6x,0.11,PLN 53.60,0%
143,CMP,Comp SA,Warsaw,Technology,Software & IT Services,PLN 366.58M,-11.7x,-0.02,PLN 107,-0.9%
144,VOT,Votum SA,Warsaw,Financials,Insurance,PLN 364.20M,3.2x,0.93,PLN 30.35,0.3%
145,KPL,Kino Polska TV SA,Warsaw,Consumer Cyclicals,Media & Publishing,PLN 362.73M,6.4x,0.36,PLN 18.30,-1.1%
146,BCXP,Bioceltix,Warsaw,Healthcare,Pharmaceuticals,PLN 359.49M,-16.5x,0.89,PLN 73,-0.1%
147,SWMP,Software Mansion,Warsaw,Technology,Software & IT Services,PLN 357.88M,26x,,PLN 34.50,0.3%
148,ATGP,ATM Grupa SA,Warsaw,Consumer Cyclicals,Media & Publishing,PLN 357.43M,12.4x,-0.36,PLN 4.24,-0.7%
149,CAVP,Cavatina Holding,Warsaw,Financials,Investment Holding Companies,PLN 345.79M,5.7x,0.04,PLN 13.60,-2.9%
150,CRJ,Creepy Jar,Warsaw,Consumer Cyclicals,Leisure Products,PLN 341.99M,27.9x,-0.4,PLN 489,0.2%
151,MLSP,ML System,Warsaw,Technology,Semiconductors & Semiconductor Equipment,PLN 332.89M,92.2x,0.24,PLN 45.10,1.9%
152,SVEP,Synthaverse,Warsaw,Healthcare,Pharmaceuticals,PLN 332.04M,90.8x,-1.7,PLN 4.72,-0.4%
153,ACT,Action SA,Warsaw,Technology,"Computers, Phones & Household Electronics",PLN 322.47M,8.6x,-1.35,PLN 19.50,0%
154,DMGP,Dr Miele Cosmed,Warsaw,Consumer Non-Cyclicals,Personal & Household Products & Services,PLN 322.28M,11.6x,0,PLN 3.69,2.5%
155,OTSL,Otlog,Warsaw,Industrials,Transport Infrastructure,PLN 315.68M,4.9x,-0.07,PLN 24.10,-4.4%
156,MSZ,Mostostal Zabrze,Warsaw,Industrials,Construction & Engineering,PLN 306.63M,4.1x,,PLN 4.14,0%
157,INK,INSTAL KRAKÓW SA,Warsaw,Industrials,Construction & Engineering,PLN 305.26M,5.9x,0.12,PLN 41.90,1.7%
158,BIOP,Bioton SA,Warsaw,Healthcare,Biotechnology & Medical Research,PLN 303.96M,-112.9x,0.71,PLN 3.54,0.6%
159,UNIP,Unibep SA,Warsaw,Industrials,Construction & Engineering,PLN 301.95M,-2.3x,0,PLN 9.20,-1.3%
160,ELT,Elektrotim SA,Warsaw,Industrials,"Machinery, Tools, Heavy Vehicles, Trains & Ships",PLN 298.49M,8x,0.55,PLN 29.90,1%
161,MVPP,Marvipol,Warsaw,Consumer Cyclicals,Homebuilding & Construction Supplies,PLN 294.90M,6.6x,-0.2,PLN 7.08,0.9%
162,JRH,JR Invest,Warsaw,Real Estate,Real Estate Operations,PLN 287.64M,-3.8x,0.2,PLN 6.34,-0.9%
163,CIG,CI Games,Warsaw,Technology,Software & IT Services,PLN 286.49M,20.8x,0.06,PLN 1.57,2.6%
164,DADP,Dadelo,Warsaw,Consumer Cyclicals,Diversified Retail,PLN 286M,90.3x,-3.1,PLN 24.50,6.5%
165,RNKP,Rank Progress SA,Warsaw,Real Estate,Real Estate Operations,PLN 285.37M,4x,0.02,PLN 7.68,2.4%
166,CLDP,Cloud,Warsaw,Technology,Software & IT Services,PLN 283.16M,35.2x,-1.05,PLN 63,2.3%
167,MABP,Mabion,Warsaw,Healthcare,Biotechnology & Medical Research,PLN 278.96M,6.6x,0.21,PLN 17.26,-0.6%
168,INP,Inpro SA,Warsaw,Real Estate,Real Estate Operations,PLN 278.28M,7.1x,-0.28,PLN 6.95,-1.4%
169,ARTP,Artifex Mundi SA,Warsaw,Technology,Software & IT Services,PLN 277.20M,11.1x,0.08,PLN 23.30,-0.9%
170,ELQ,ELQ,Warsaw,Industrials,Construction & Engineering,PLN 275M,25x,0.11,PLN 2.75,-4.5%
171,NVT,NOVITA SA,Warsaw,Consumer Cyclicals,Textiles & Apparel,PLN 270M,14.4x,-0.55,PLN 108,-0.5%
172,INVFIZ,Investor,Warsaw,Financials,Collective Investments,PLN 260.42M,,,"PLN 1,045.15",0%
173,DATP,Datawalk,Warsaw,Technology,Software & IT Services,PLN 259.40M,-4.5x,-0.1,PLN 46.05,5.7%
174,MOCP,Molecure,Warsaw,Healthcare,Biotechnology & Medical Research,PLN 258.94M,-9.2x,-0.22,PLN 15.38,2.4%
175,MDG,Medicalg,Warsaw,Healthcare,Healthcare Equipment & Supplies,PLN 258.77M,-43x,0.39,PLN 26,-1.7%
176,SWG,Seco/Warwick SA,Warsaw,Industrials,"Machinery, Tools, Heavy Vehicles, Trains & Ships",PLN 258.49M,7.6x,-0.61,PLN 30,0.7%
177,ACGP,AC SA,Warsaw,Consumer Cyclicals,Automobiles & Auto Parts,PLN 253.88M,8.6x,-0.57,PLN 27.60,2.2%
178,PRA4,Prime Alternatywna Spolka Inwestycyjna,Warsaw,Financials,Investment Banking & Investment Services,PLN 247.87M,"-1,090x",35.82,PLN 2.18,0%
179,ZUE,ZUE SA,Warsaw,Industrials,Construction & Engineering,PLN 245.87M,11.7x,0.26,PLN 10.80,5.4%
180,FERR,Ferrum SA,Warsaw,Basic Materials,Metals & Mining,PLN 242.07M,-57.8x,0.35,PLN 4.18,0.5%
181,APN,Aplisens SA,Warsaw,Industrials,"Machinery, Tools, Heavy Vehicles, Trains & Ships",PLN 241.63M,7.9x,0.36,PLN 21.70,0%
182,PTGP,Poltreg,Warsaw,Healthcare,Biotechnology & Medical Research,PLN 241.57M,-14.1x,0.03,PLN 51.80,-1.5%
183,SONP,Sonel SA,Warsaw,Industrials,"Machinery, Tools, Heavy Vehicles, Trains & Ships",PLN 238M,13.5x,0.77,PLN 17,0.6%
184,ALL1,Ailleron,Warsaw,Technology,Software & IT Services,PLN 234.26M,100.3x,-1.14,PLN 18.96,2.6%
185,KRIP,Kredyt Inkaso SA,Warsaw,Financials,Banking Services,PLN 232.15M,6.9x,0.21,PLN 18,-1.1%
186,INLP,Introl SA,Warsaw,Industrials,Construction & Engineering,PLN 230.31M,7.2x,0.23,PLN 8.96,-0.2%
187,XTP,XTPL,Warsaw,Basic Materials,Chemicals,PLN 230.12M,-23.5x,0,PLN 101.40,1.8%
188,CDA1,CDA SA,Warsaw,Consumer Cyclicals,Media & Publishing,PLN 229.78M,8x,0.2,PLN 22.30,-2.6%
189,LTX,Zakłady Lentex SA,Warsaw,Consumer Cyclicals,Household Goods,PLN 224.47M,13.4x,-0.24,PLN 6.38,1.6%
190,MAKP,Makaronpl,Warsaw,Consumer Non-Cyclicals,Food & Tobacco,PLN 217.49M,6.1x,0.14,PLN 19.70,-0.2%
191,HUBP,Hub.Tech,Warsaw,Basic Materials,Chemicals,PLN 212.60M,6.6x,0.08,PLN 0.32,3.3%
192,SLTP,Saule Tech,Warsaw,Financials,Investment Banking & Investment Services,PLN 212.14M,-4.8x,-0.92,PLN 2.56,0.4%
193,SNXP,Sunex,Warsaw,Industrials,"Machinery, Tools, Heavy Vehicles, Trains & Ships",PLN 208.19M,34.6x,-0.36,PLN 10.26,13.2%
194,MFO,MFO SA,Warsaw,Basic Materials,Metals & Mining,PLN 201.53M,-15.6x,0.06,PLN 30.50,1.3%
195,OTMP,Zaklady Przemyslu Cukierniczego Otmuchow,Warsaw,Consumer Non-Cyclicals,Food & Tobacco,PLN 194.05M,11.5x,0.01,PLN 6.40,3.2%
196,HPMP,Hipromine,Warsaw,Consumer Non-Cyclicals,Food & Tobacco,PLN 190.76M,,,PLN 215,0.5%
197,BMCP,Bumech SA,Warsaw,Energy,Coal,PLN 188.26M,-2.2x,0.02,PLN 13,-0.9%
198,ODL,Odlewnie Polskie,Warsaw,Basic Materials,Metals & Mining,PLN 187.02M,8.4x,-0.19,PLN 9.30,-1.1%
199,AQU,Aquabb,Warsaw,Utilities,Water & Related Utilities,PLN 181.82M,19.1x,-2.05,PLN 14,0%
200,GRNP,Grodno,Warsaw,Industrials,"Machinery, Tools, Heavy Vehicles, Trains & Ships",PLN 180.89M,18.3x,-0.25,PLN 11.76,-0.7%
201,CTSP,City Service SE,Warsaw,Real Estate,Real Estate Operations,PLN 178.60M,6.9x,0.03,PLN 5.65,0%
202,KLEP,Grupa Klepsydra,Warsaw,Consumer Non-Cyclicals,Personal & Household Products & Services,PLN 170.81M,96.5x,0.4,PLN 7.16,-7%
203,NVAP,P.A. Nova SA,Warsaw,Industrials,Construction & Engineering,PLN 170.48M,4.9x,-0.2,PLN 17.10,-1.7%
204,SESA,Sescom SA,Warsaw,Industrials,Professional & Commercial Services,PLN 159.02M,10.1x,0,PLN 77.60,0%
205,GIGP,Gi Poland,Warsaw,Industrials,Professional & Commercial Services,PLN 158.35M,-3.8x,-0.18,PLN 1.50,-0.7%
206,PFGP,Prefa Group,Warsaw,Financials,Banking Services,PLN 157M,,,PLN 31.40,0%
207,EEE1,Ekipa Holding,Warsaw,Financials,Investment Holding Companies,PLN 155.04M,16.3x,,PLN 3.81,0%
208,DIG1,Digital Network,Warsaw,Consumer Cyclicals,Media & Publishing,PLN 154.13M,6.6x,0.04,PLN 37,0%
209,SFG,Silvano Fashion,Warsaw,Consumer Cyclicals,Textiles & Apparel,PLN 152.33M,3.4x,-0.16,PLN 4.40,0%
210,SKH1,Skarbiec,Warsaw,Financials,Investment Banking & Investment Services,PLN 152.04M,-10.8x,0.43,PLN 22.30,1.4%
211,4MSP,4Mass,Warsaw,Consumer Non-Cyclicals,Personal & Household Products & Services,PLN 151.99M,8.6x,0.13,PLN 6.33,-2.6%
212,STFP,STALPROFIL SA,Warsaw,Basic Materials,Metals & Mining,PLN 151.55M,10.8x,-0.16,PLN 8.66,0.2%
213,MONP,Monnari Trade SA,Warsaw,Consumer Cyclicals,Specialty Retailers,PLN 151.45M,17.8x,-0.2,PLN 5.90,3.2%
214,WASP,Wasko SA,Warsaw,Technology,Software & IT Services,PLN 149.55M,43.8x,-2.43,PLN 1.64,-0.6%
215,IFI,IFirma SA,Warsaw,Technology,Software & IT Services,PLN 149.12M,24x,-0.79,PLN 23.30,-0.4%
216,GKI,Immobile,Warsaw,Industrials,"Machinery, Tools, Heavy Vehicles, Trains & Ships",PLN 146.15M,-28.3x,0.16,PLN 1.95,1.6%
217,BBT1,Boombit,Warsaw,Consumer Cyclicals,Leisure Products,PLN 141.17M,9.8x,0.25,PLN 10.35,0%
218,RFK,RAFAKO SA,Warsaw,Industrials,"Machinery, Tools, Heavy Vehicles, Trains & Ships",PLN 138.84M,-1x,-0.02,PLN 0.86,-2.3%
219,GTP,Geoterm,Warsaw,Industrials,Construction & Engineering,PLN 137.90M,"12,300x",,PLN 12.30,-0.8%
220,WIK,Wikana SA,Warsaw,Real Estate,Real Estate Operations,PLN 136.31M,8x,0.11,PLN 6.90,3%
221,EURTL,Eurotel SA,Warsaw,Consumer Cyclicals,Specialty Retailers,PLN 134.56M,7x,-0.13,PLN 35.90,0.6%
222,RNDP,Render Cube,Warsaw,Technology,Software & IT Services,PLN 133.99M,14.8x,0.34,PLN 125,0%
223,NCLP,Noctiluca,Warsaw,Technology,Semiconductors & Semiconductor Equipment,PLN 133.42M,,,PLN 90.30,-0.1%
224,IMS,IMS SA,Warsaw,Consumer Cyclicals,Media & Publishing,PLN 131.95M,15.7x,,PLN 3.76,0.3%
225,RPCP,Zaklady Magnezytowe Ropczyce,Warsaw,Basic Materials,Construction Materials,PLN 131.47M,-8.5x,0.07,PLN 25.80,0%
226,URT,Urteste,Warsaw,Healthcare,Biotechnology & Medical Research,PLN 129.69M,-22.8x,5.86,PLN 92,0%
227,HEL,Helio SA,Warsaw,Consumer Non-Cyclicals,Food & Tobacco,PLN 128.40M,4.8x,0.03,PLN 26.80,2.3%
228,RESP,Resbud,Warsaw,Industrials,Construction & Engineering,PLN 128.09M,5.2x,0.01,PLN 0.41,-2.4%
229,KVT,Krynica Vitamin SA,Warsaw,Consumer Non-Cyclicals,Beverages,PLN 125.58M,-16.8x,0.1,PLN 10.25,0%
230,GMTP,Genomtec,Warsaw,Healthcare,Biotechnology & Medical Research,PLN 125.12M,-14.9x,-0.3,PLN 9.39,-1.2%
231,GRC,Grupa Recykl SA,Warsaw,Consumer Cyclicals,Automobiles & Auto Parts,PLN 124.73M,11.5x,0.22,PLN 75.50,1.3%
232,FTH,Fintech SA,Warsaw,Financials,Insurance,PLN 122.73M,20.5x,0.02,PLN 1.68,5%
233,SDGP,Sundragon,Warsaw,Industrials,Construction & Engineering,PLN 122.46M,100x,,PLN 0.38,11.8%
234,KMP,Kompap,Warsaw,Basic Materials,Paper & Forest Products,PLN 121.69M,35.5x,-0.59,PLN 26,0%
235,FOR,Foreveren,Warsaw,Consumer Cyclicals,Leisure Products,PLN 121.04M,21x,,PLN 4.45,-1.1%
236,GOP,Games Operators,Warsaw,Technology,Software & IT Services,PLN 120.98M,180.3x,-2.56,PLN 22,0%
237,MSWP,Mostostal Warszawa,Warsaw,Industrials,Construction & Engineering,PLN 119.20M,6.5x,1.32,PLN 5.96,-0.7%
238,KGLP,Korporacja KGL,Warsaw,Basic Materials,Chemicals,PLN 115.35M,6.7x,0.02,PLN 16.30,0%
239,PMPP,Pamapol SA,Warsaw,Consumer Non-Cyclicals,Food & Tobacco,PLN 113.98M,9.4x,-0.17,PLN 3.28,-3%
240,ALI,Altustfi,Warsaw,Financials,Investment Banking & Investment Services,PLN 111.71M,10.7x,0.39,PLN 2.73,1.1%
241,RNCP,Reino Capital,Warsaw,Real Estate,Residential & Commercial REITs,PLN 109.75M,453.3x,4.13,PLN 1.36,0%
242,LETP,Letus Capital SA,Warsaw,Financials,Investment Banking & Investment Services,PLN 108.13M,"-1,700x",,PLN 1.70,0%
243,VINP,Gielda Praw Majatkowych Vindexus,Warsaw,Industrials,Professional & Commercial Services,PLN 106.52M,5x,-0.19,PLN 10,-1.5%
244,PAT,Patentus SA,Warsaw,Basic Materials,Metals & Mining,PLN 106.50M,1.7x,0,PLN 3.61,-2.4%
245,ATP,Atlanta Poland SA,Warsaw,Consumer Non-Cyclicals,Food & Drug Retailing,PLN 105.69M,4.5x,0.03,PLN 17.35,0.3%
246,FIGP,Figene Capital,Warsaw,Utilities,Electrical Utilities & IPPs,PLN 104.97M,-9.8x,0.18,PLN 0.49,0%
247,ATDP,Atende SA,Warsaw,Technology,Software & IT Services,PLN 104.31M,18.4x,-0.64,PLN 2.87,1.4%
248,HMIP,HM Inwest,Warsaw,Real Estate,Real Estate Operations,PLN 103.97M,11.4x,-0.23,PLN 44.50,0.4%
249,WOJ,Wojas SA,Warsaw,Consumer Cyclicals,Specialty Retailers,PLN 103.70M,4.5x,-0.17,PLN 8.18,0%
250,ATAP,Atccargo,Warsaw,Industrials,Freight & Logistics Services,PLN 102.78M,11.7x,-0.18,PLN 15.50,2%
251,B24P,Brand 24,Warsaw,Technology,Software & IT Services,PLN 102.65M,27.8x,0.36,PLN 46.10,-1.9%
252,DELP,Delko,Warsaw,Consumer Non-Cyclicals,Personal & Household Products & Services,PLN 100.70M,5.6x,,PLN 8.42,-0.2%
253,ATRP,Atrem SA,Warsaw,Industrials,"Machinery, Tools, Heavy Vehicles, Trains & Ships",PLN 99.68M,10.4x,0.01,PLN 10.80,-1.4%
254,XPL,Xplus SA,Warsaw,Technology,Software & IT Services,PLN 99.59M,-28x,0.16,PLN 1.43,1.4%
255,GMEP,Gremi Media,Warsaw,Consumer Cyclicals,Media & Publishing,PLN 98.46M,18.8x,2.43,PLN 55,-2.6%
256,NTT,NTT System SA,Warsaw,Technology,"Computers, Phones & Household Electronics",PLN 97.54M,4.1x,0.11,PLN 7.20,8.1%
257,F51,Farm51,Warsaw,Consumer Cyclicals,Leisure Products,PLN 97.38M,-314.8x,3.27,PLN 15.16,-2.9%
258,PPSP,Przedsiebiorstwo Przemyslu,Warsaw,Consumer Non-Cyclicals,Food & Tobacco,PLN 96.63M,-22.2x,0.16,PLN 1.03,-1%
259,PJP,PJP Makrum,Warsaw,Industrials,Construction & Engineering,PLN 96.02M,7x,-0.14,PLN 16.05,-0.9%
260,XBS,XBS Pro Log,Warsaw,Industrials,Freight & Logistics Services,PLN 96M,10.3x,1.08,PLN 96,2.1%
261,GTN,Getin Holding SA,Warsaw,Financials,Banking Services,PLN 95.26M,3.4x,0.01,PLN 0.50,0%
262,BOWP,Bowim SA,Warsaw,Basic Materials,Metals & Mining,PLN 95.11M,7.6x,-0.08,PLN 5.58,-0.4%
263,ECKP,Eurosnack,Warsaw,Consumer Non-Cyclicals,Food & Tobacco,PLN 94.72M,19.9x,,PLN 2.51,-2%
264,LEGP,Legimi,Warsaw,Consumer Cyclicals,Media & Publishing,PLN 94.53M,-167x,0.91,PLN 46.60,-2.9%
265,ALGP,All In! Games,Warsaw,Technology,Software & IT Services,PLN 93.77M,-18.1x,-0.24,PLN 1.24,4.2%
266,RSP1,Remor Solar Polska,Warsaw,Consumer Non-Cyclicals,Beverages,PLN 93.48M,18.5x,-0.7,PLN 12.20,0%
267,ADXP,Adatex Deweloper SA,Warsaw,Consumer Cyclicals,Homebuilding & Construction Supplies,PLN 92.05M,12.6x,0.02,PLN 0.33,3.1%
268,IPE,Ipopema Securities,Warsaw,Financials,Investment Banking & Investment Services,PLN 91.31M,5.1x,0.04,PLN 3.05,0%
269,ZMT,Zamet Industry SA,Warsaw,Industrials,"Machinery, Tools, Heavy Vehicles, Trains & Ships",PLN 90.67M,11x,-0.06,PLN 0.86,-2.3%
270,CPRP,Compremum,Warsaw,Industrials,Construction & Engineering,PLN 90.12M,4.4x,0.01,PLN 2.01,0.5%
271,IZS,Izostal SA,Warsaw,Basic Materials,Metals & Mining,PLN 90.05M,8.1x,-0.16,PLN 2.75,-0.4%
272,YAN,Neptis,Warsaw,Technology,Software & IT Services,PLN 90M,46.9x,-0.77,PLN 90,0%
273,SFDP,Sfd,Warsaw,Consumer Cyclicals,Specialty Retailers,PLN 88.53M,-40.8x,0.35,PLN 2.01,0.5%
274,NNG,Nanogroup,Warsaw,Healthcare,Biotechnology & Medical Research,PLN 87.92M,-10.4x,0.03,PLN 3.63,-1.9%
275,SDSP,Sds Optic,Warsaw,Healthcare,Biotechnology & Medical Research,PLN 87.69M,,,PLN 14.92,-2.5%
276,HORP,Hortico,Warsaw,Consumer Non-Cyclicals,Food & Tobacco,PLN 85.90M,7.7x,-0.2,PLN 6.65,-0.7%
277,PTW,Wspierania Przedsiebiorczosci,Warsaw,Industrials,Professional & Commercial Services,PLN 84.76M,21.4x,-0.33,PLN 68.50,0.7%
278,M4B,M4B SA,Warsaw,Technology,Software & IT Services,PLN 84.57M,-41.3x,0.21,PLN 11.40,0%
279,PROP,Promise,Warsaw,Technology,Software & IT Services,PLN 82.03M,7.6x,0.03,PLN 7.20,-0.7%
280,EAHP,Esotiq,Warsaw,Consumer Cyclicals,Textiles & Apparel,PLN 81.82M,15.3x,-0.31,PLN 42.40,2.4%
281,ONO,Onesano,Warsaw,Consumer Non-Cyclicals,Food & Tobacco,PLN 81.69M,-13x,0.49,PLN 1.24,-0.8%
282,PAC3,Proacta,Warsaw,Technology,Software & IT Services,PLN 81.18M,-0.7x,-0.01,PLN 0.72,-1.4%
283,CTFP,Centurion Finance SA,Warsaw,Financials,Investment Banking & Investment Services,PLN 80.11M,14.8x,0.02,PLN 0.92,0%
284,TRRP,Termorex,Warsaw,Basic Materials,Metals & Mining,PLN 79.45M,70x,0.39,PLN 0.70,0%
285,RAFP,RAFAMET SA,Warsaw,Industrials,"Machinery, Tools, Heavy Vehicles, Trains & Ships",PLN 79.16M,-7.9x,0.08,PLN 14.70,0%
286,LENP,Lena Lighting SA,Warsaw,Industrials,"Machinery, Tools, Heavy Vehicles, Trains & Ships",PLN 79.10M,9.5x,-0.42,PLN 3.18,-0.3%
287,ICEP,Medinice,Warsaw,Healthcare,Healthcare Equipment & Supplies,PLN 77.86M,-14.8x,,PLN 11.90,3.3%
288,PUR1,Pure Biologics,Warsaw,Healthcare,Biotechnology & Medical Research,PLN 77.70M,-2.3x,-0.7,PLN 23.35,2.4%
289,IZB,Izoblok,Warsaw,Consumer Cyclicals,Automobiles & Auto Parts,PLN 76.65M,5.5x,0.03,PLN 60.50,-0.8%
290,CSRP,Caspar,Warsaw,Financials,Investment Banking & Investment Services,PLN 75.94M,42.8x,-0.95,PLN 7.70,0%
291,BDZ,EC Bedzin,Warsaw,Utilities,Multiline Utilities,PLN 74.79M,0.2x,0,PLN 25,-0.6%
292,LBTA,Libet SA,Warsaw,Basic Materials,Construction Materials,PLN 74.50M,18.9x,,PLN 1.49,3.5%
293,OMLP,One More Level,Warsaw,Consumer Cyclicals,Leisure Products,PLN 72.34M,-11.3x,0.1,PLN 1.28,4.9%
294,AGTP,Agroton,Warsaw,Consumer Non-Cyclicals,Food & Tobacco,PLN 72.16M,3.8x,,PLN 3.33,0%
295,CDLP,CDRL,Warsaw,Consumer Cyclicals,Textiles & Apparel,PLN 70.35M,-3.7x,0.01,PLN 11.70,0%
296,MRGP,Merlin Group,Warsaw,Technology,Software & IT Services,PLN 69.94M,-12.1x,,PLN 0.17,0%
297,NVGP,Novavis Group,Warsaw,Energy,Renewable Energy,PLN 68.63M,22.6x,-0.38,PLN 1.96,-1%
298,YTF,Yetiforce,Warsaw,,,PLN 68.40M,,,PLN 0.87,0%
299,FEEP,Feerum,Warsaw,Industrials,Construction & Engineering,PLN 68.29M,-42.4x,0.33,PLN 7.16,-2.7%
300,HDR,HYDROTOR SA,Warsaw,Industrials,"Machinery, Tools, Heavy Vehicles, Trains & Ships",PLN 67.87M,-15.2x,0.09,PLN 28.30,0%
301,FHD,Fundusz Hipoteczny Dom,Warsaw,Industrials,Professional & Commercial Services,PLN 67.85M,-11.3x,-0.13,PLN 5.90,0%
302,KPD,Koszalinskie Przedsiebiorstwo Przemyslu Drzewnego,Warsaw,Basic Materials,Paper & Forest Products,PLN 67.49M,-2x,0.01,PLN 41.60,0%
303,FRB1,Forbuild SA,Warsaw,Industrials,Construction & Engineering,PLN 67M,15.9x,,PLN 5,0%
304,WGPP,WG Partners,Warsaw,Consumer Cyclicals,Household Goods,PLN 66.58M,-117x,-1.6,PLN 18.40,-3.7%
305,SEKO,Seko SA,Warsaw,Consumer Non-Cyclicals,Food & Tobacco,PLN 66.50M,5.2x,0.31,PLN 10,0%
306,SUNP,Suntech SA,Warsaw,Technology,Software & IT Services,PLN 66.31M,10.8x,,PLN 4.16,-8.6%
307,PHR,Pharmena,Warsaw,Consumer Non-Cyclicals,Personal & Household Products & Services,PLN 66.16M,2.2x,0,PLN 5.94,-1%
308,FAB1,Fabrity Holding,Warsaw,Consumer Cyclicals,Media & Publishing,PLN 65.49M,5.7x,-0.11,PLN 28.90,0%
309,QNAP,QNA Tech,Warsaw,Basic Materials,Chemicals,PLN 65.40M,-10.1x,,PLN 36.25,-8.2%
310,EDIP,ED Invest SA,Warsaw,Consumer Cyclicals,Homebuilding & Construction Supplies,PLN 65.13M,3.9x,0.11,PLN 6.56,0%
311,BMX,Biomaxima,Warsaw,Healthcare,Pharmaceuticals,PLN 64.99M,180.9x,-1.97,PLN 15.50,-1%
312,PLIP,Platige,Warsaw,Consumer Cyclicals,Media & Publishing,PLN 64.34M,-11.2x,,PLN 17.95,0.6%
313,QRTP,Quart,Warsaw,Consumer Cyclicals,Homebuilding & Construction Supplies,PLN 64.15M,83.3x,-0.92,PLN 5,0%
314,IUSPP,Internet Union SA,Warsaw,Technology,Software & IT Services,PLN 64.01M,18.9x,,PLN 10.40,0%
315,SVRS,Silvair,Warsaw,Technology,Software & IT Services,PLN 63.92M,-11.2x,-0.69,PLN 3.66,-0.5%
316,RDG,Readgene,Warsaw,Healthcare,Biotechnology & Medical Research,PLN 63.67M,-32.9x,0.01,PLN 5.40,1.1%
317,APEP,Aps Energia,Warsaw,Industrials,"Machinery, Tools, Heavy Vehicles, Trains & Ships",PLN 63.42M,-8x,0.02,PLN 2.25,0.4%
318,PRMP,Prochem SA,Warsaw,Industrials,Construction & Engineering,PLN 62.16M,-2.2x,0,PLN 31,-0.6%
319,BCSP,Big Cheese Studio,Warsaw,Technology,Software & IT Services,PLN 60.78M,23.3x,-0.23,PLN 14.70,-2%
320,ORGP,Organic,Warsaw,Consumer Non-Cyclicals,Food & Drug Retailing,PLN 60.54M,22.1x,-0.37,PLN 11,30.2%
321,MDIP,MDI Energia,Warsaw,Energy,Renewable Energy,PLN 60.22M,-9.8x,,PLN 1.43,-3.4%
322,TRNP,Trans Polonia SA,Warsaw,Industrials,Freight & Logistics Services,PLN 60.08M,18x,-0.29,PLN 3.20,-1.5%
323,NTUP,Novaturas,Warsaw,Consumer Cyclicals,Hotels & Entertainment Services,PLN 59.87M,11.8x,0.14,PLN 13.10,1.5%
324,TLX,Talex,Warsaw,Technology,Software & IT Services,PLN 59.40M,17.9x,0.09,PLN 19.80,0%
325,MOVP,Movie Games,Warsaw,Technology,Software & IT Services,PLN 59.31M,-7.1x,0.04,PLN 23.05,-0.2%
326,PRYM,Prymus,Warsaw,Basic Materials,Chemicals,PLN 58.50M,8.1x,32.16,PLN 6.50,0%
327,MDAP,Medapp,Warsaw,Technology,Software & IT Services,PLN 58.28M,-22.7x,0.02,PLN 0.23,4.4%
328,LAB,Labo Print SA,Warsaw,Industrials,Professional & Commercial Services,PLN 57.94M,6.3x,-0.36,PLN 15.20,1.3%
329,ULG,Ultimate Games,Warsaw,Technology,Software & IT Services,PLN 57.53M,-13.8x,-0.29,PLN 11,0%
330,KCI,KCI,Warsaw,Consumer Cyclicals,Media & Publishing,PLN 56.37M,2.5x,0.09,PLN 0.82,0%
331,IPOP,Intersport Polska,Warsaw,Consumer Cyclicals,Specialty Retailers,PLN 56.35M,-1.4x,0,PLN 0.80,0%
332,BGDP,Biogened,Warsaw,Healthcare,Pharmaceuticals,PLN 56M,12.7x,,PLN 22.80,-4.2%
333,BIP,Bio Planet SA,Warsaw,Consumer Non-Cyclicals,Food & Tobacco,PLN 55.50M,60.5x,0.06,PLN 18.50,0%
334,GIFP,Gaming Factory,Warsaw,Consumer Cyclicals,Leisure Products,PLN 54.70M,-16.5x,-0.31,PLN 9,0.2%
335,MCDP,Mycodern,Warsaw,Consumer Non-Cyclicals,Food & Tobacco,PLN 54.60M,-6.8x,0.03,PLN 0.83,0%
336,RLP,Relpol SA,Warsaw,Industrials,"Machinery, Tools, Heavy Vehicles, Trains & Ships",PLN 54.20M,50.8x,-0.67,PLN 5.64,0%
337,PWXP,POLWAX,Warsaw,Energy,Oil & Gas,PLN 53.92M,-1.4x,0,PLN 1.75,1.7%
338,ZRE,Zremb,Warsaw,Industrials,Construction & Engineering,PLN 52.78M,104.7x,,PLN 3.77,0.8%
339,COSP,Cosma,Warsaw,Healthcare,Pharmaceuticals,PLN 52.41M,-2x,0,PLN 0.36,0%
340,YOS,Yoshi Innovation,Warsaw,Industrials,Professional & Commercial Services,PLN 52M,-11.5x,-0.45,PLN 2.20,0%
341,CAIP,Carlson Investments SA,Warsaw,Financials,Banking Services,PLN 51.90M,4.2x,-0.04,PLN 5.65,-9%
342,MNS,Mennica Skarbowa,Warsaw,Consumer Cyclicals,Specialty Retailers,PLN 51.28M,-7.7x,0.04,PLN 49.30,1.2%
343,LSIS,LSI Software,Warsaw,Technology,Software & IT Services,PLN 51.18M,14x,-18.24,PLN 15.70,4%
344,S4E,S4E,Warsaw,Technology,"Computers, Phones & Household Electronics",PLN 50.73M,6.9x,0.16,PLN 29.20,0.7%
345,RCA,Rocca SA,Warsaw,Consumer Cyclicals,Homebuilding & Construction Supplies,PLN 50.28M,-156.8x,-11.6,PLN 4.86,-4.7%
346,MIR,Miraculum SA,Warsaw,Consumer Non-Cyclicals,Personal & Household Products & Services,PLN 49.64M,-22.6x,1.83,PLN 1.04,0%
347,BPC,Black Pearl SA,Warsaw,Financials,Banking Services,PLN 49.56M,-10x,-0.29,PLN 0.20,0%
348,PAS1,Passus,Warsaw,Technology,Software & IT Services,PLN 49.27M,-385.5x,3.56,PLN 24,1.3%
349,TOSP,Tamex,Warsaw,Industrials,Construction & Engineering,PLN 48.63M,312.5x,,PLN 2.50,-3.1%
350,SCW,Scanway,Warsaw,Industrials,"Machinery, Tools, Heavy Vehicles, Trains & Ships",PLN 48.38M,,,PLN 37.50,2%
351,CLEP,Coal Energy SA,Warsaw,Energy,Coal,PLN 47.89M,-6.5x,0.93,PLN 1.06,1.9%
352,INTN,Internity,Warsaw,Consumer Cyclicals,Specialty Retailers,PLN 47.64M,11.3x,-0.63,PLN 6.05,0%
353,KOMP,Komputronik SA,Warsaw,Consumer Cyclicals,Specialty Retailers,PLN 47.30M,-4.5x,0.04,PLN 4.83,-0.2%
354,UNFP,Unfold vc Asi,Warsaw,Financials,Investment Banking & Investment Services,PLN 47.27M,-13.1x,0.12,PLN 1.56,0%
355,PGVP,PGF Polska Grupa Fotowoltaiczna,Warsaw,Real Estate,Real Estate Operations,PLN 47.03M,-0.5x,,PLN 0.47,34.4%
356,TNTP,T T Proenergy,Warsaw,Energy,Renewable Energy,PLN 46.55M,6.3x,0.05,PLN 2.84,0%
357,CFS,Centrum Finansowe Banku,Warsaw,Financials,Banking Services,PLN 46.46M,5.4x,,PLN 5.05,1.8%
358,FRWP,Frozen Way,Warsaw,,,PLN 46.36M,4.6x,,PLN 44,-0.9%
359,EPRP,Przedsiebiorstwo Robot,Warsaw,Industrials,Construction & Engineering,PLN 45.92M,-204.4x,-2.82,PLN 3.68,0%
360,INMP,Inventionmed,Warsaw,Healthcare,Healthcare Equipment & Supplies,PLN 45.32M,-14.5x,-0.16,PLN 0.22,4.6%
361,CAP1,Capitea,Warsaw,Financials,Investment Banking & Investment Services,PLN 44.80M,0.9x,-0.01,PLN 0.45,0%
362,AATP,ALTA SA,Warsaw,Real Estate,Real Estate Operations,PLN 44.10M,2.9x,0.01,PLN 2.86,5.9%
363,MZA,Muza,Warsaw,Consumer Cyclicals,Media & Publishing,PLN 43.64M,3.7x,0.05,PLN 13.35,2.7%
364,CZT,Czerwona Torebka,Warsaw,Real Estate,Real Estate Operations,PLN 43.52M,-1.9x,,PLN 0.58,-6.4%
365,RMK,REMAK SA,Warsaw,Industrials,Professional & Commercial Services,PLN 43.50M,6x,0.03,PLN 14.50,-3%
366,YRLP,Yarrl,Warsaw,Technology,Telecommunications Services,PLN 43.48M,8.8x,0.11,PLN 6.25,4.2%
367,CRM,PZ Cormay SA,Warsaw,Healthcare,Healthcare Equipment & Supplies,PLN 42.94M,-8.6x,,PLN 0.51,-1.9%
368,KBJ,Kbj,Warsaw,Technology,Software & IT Services,PLN 42.80M,9x,0.1,PLN 20.80,-5.4%
369,BBD,BBI Development SA,Warsaw,Real Estate,Real Estate Operations,PLN 41.95M,0.9x,0,PLN 4.17,0.5%
370,BSNP,BrainScan,Warsaw,,,PLN 41.81M,,,PLN 35.81,0%
371,SNN1,Sunway Network,Warsaw,Technology,Software & IT Services,PLN 41.80M,,,PLN 2.20,-3.5%
372,SHG,Starhedge SA,Warsaw,Financials,Investment Holding Companies,PLN 41.61M,15.9x,,PLN 0.38,0%
373,FSG,FASING SA,Warsaw,Industrials,"Machinery, Tools, Heavy Vehicles, Trains & Ships",PLN 41.33M,2.2x,0,PLN 13.30,0%
374,ORL,Orzel,Warsaw,Consumer Cyclicals,Automobiles & Auto Parts,PLN 41.18M,16.5x,1.31,PLN 3.88,-3%
375,BLTP,Balticon,Warsaw,Industrials,Professional & Commercial Services,PLN 40.99M,31.3x,-0.37,PLN 13.20,0%
376,06N,Magna Polonia SA,Warsaw,Financials,Investment Banking & Investment Services,PLN 40.74M,0.6x,0,PLN 2.96,-0.3%
377,08N,NFI Octava SA,Warsaw,Industrials,Construction & Engineering,PLN 40.65M,10.9x,-0.53,PLN 0.95,0%
378,HPGP,Honey Payment,Warsaw,Technology,Software & IT Services,PLN 40.57M,-1.4x,0,PLN 2.38,0%
379,JWW,Jwwinvest,Warsaw,Industrials,Construction & Engineering,PLN 39.60M,5.8x,0.07,PLN 3.60,-0.3%
380,LUG,Lug,Warsaw,Industrials,"Machinery, Tools, Heavy Vehicles, Trains & Ships",PLN 39.59M,7x,0.05,PLN 5.50,-8.3%
381,NWA,Nwai,Warsaw,Financials,Investment Banking & Investment Services,PLN 39.35M,4.7x,0.09,PLN 23,-0.9%
382,ERGA,ERG SA,Warsaw,Basic Materials,Containers & Packaging,PLN 39.19M,15.5x,-2.7,PLN 54,-1.8%
383,DGNP,DGNet,Warsaw,Technology,Telecommunications Services,PLN 38.70M,-473.6x,2.93,PLN 6.92,-0.3%
384,GENM,Genomed,Warsaw,Healthcare,Biotechnology & Medical Research,PLN 38.58M,73.9x,0.04,PLN 29.20,0%
385,KLNP,Klon,Warsaw,Basic Materials,Paper & Forest Products,PLN 38.43M,-234.3x,1.79,PLN 1.64,0%
386,TLSP,Telestr,Warsaw,Technology,Telecommunications Services,PLN 38.15M,6.2x,0.05,PLN 18.80,4.4%
387,DBE,DB Energy,Warsaw,Industrials,Professional & Commercial Services,PLN 37.89M,,,PLN 10.90,0%
388,ENPP,Enap,Warsaw,Industrials,Construction & Engineering,PLN 37.39M,13.7x,0.64,PLN 1.90,0%
389,XDD,Mentzen,Warsaw,,,PLN 37.30M,,,PLN 37.30,-1.8%
390,EXCP,Excellenc,Warsaw,Consumer Non-Cyclicals,Food & Tobacco,PLN 37.22M,7.6x,0.01,PLN 0.24,0%
391,MDBP,Medicofarma Biotech,Warsaw,Healthcare,Biotechnology & Medical Research,PLN 36.98M,-17.5x,2.38,PLN 0.54,-1.8%
392,LHD,Lichthund,Warsaw,Technology,Software & IT Services,PLN 36.73M,,,PLN 63,20%
393,ENIP,Energoinstal SA,Warsaw,Industrials,"Machinery, Tools, Heavy Vehicles, Trains & Ships",PLN 36.54M,-9x,-0.11,PLN 2.03,-1%
394,KORP,Korbank,Warsaw,Technology,Telecommunications Services,PLN 36.53M,6.4x,0.05,PLN 7.40,0%
395,HRPP,Harper Hygienics,Warsaw,Consumer Non-Cyclicals,Personal & Household Products & Services,PLN 36.16M,12.8x,0.1,PLN 5.68,0.9%
396,OPMP,OPTeam SA,Warsaw,Technology,Software & IT Services,PLN 36.05M,-12.9x,0.3,PLN 4.58,-0.9%
397,WOD,Wodkan Wodociagow Kanalizacji,Warsaw,Utilities,Water & Related Utilities,PLN 35.83M,-184.2x,-2.38,PLN 7,0%
398,NOVP,Novina SA,Warsaw,Financials,Banking Services,PLN 35.77M,6.6x,0.09,PLN 1.11,-2.6%
399,ICIP,Idh,Warsaw,Industrials,Construction & Engineering,PLN 35.66M,1.7x,0.02,PLN 1.53,0.7%
400,SKLP,Skyline Investment,Warsaw,Financials,Investment Banking & Investment Services,PLN 35.44M,2.3x,0,PLN 1.52,0%
401,SOK,Sonka,Warsaw,Technology,Software & IT Services,PLN 35.29M,-26.1x,0.01,PLN 9.78,1.9%
402,WPRP,WoodpeckerCo,Warsaw,Technology,Software & IT Services,PLN 34.90M,24.5x,,PLN 6.98,-1%
403,MMD,Milestone,Warsaw,Healthcare,Biotechnology & Medical Research,PLN 34.76M,-2.5x,-0.08,PLN 1.58,0%
404,IBSP,Wise Finance,Warsaw,Consumer Cyclicals,Specialty Retailers,PLN 34.50M,2.8x,-0.06,PLN 89.20,-3%
405,KSG,KSG Agro SA,Warsaw,Consumer Non-Cyclicals,Food & Tobacco,PLN 34.32M,-4.4x,-0.48,PLN 2.29,0.9%
406,ICGP,Ice Code Games,Warsaw,Technology,Software & IT Services,PLN 34.31M,-15x,-1.56,PLN 0.27,3.8%
407,MLK,Mlk Foods Public,Warsaw,Consumer Non-Cyclicals,Food & Tobacco,PLN 34.06M,,,PLN 1.09,-0.9%
408,MEXP,Mex Polska SA,Warsaw,Consumer Cyclicals,Hotels & Entertainment Services,PLN 33.73M,6.9x,3.23,PLN 4.40,0.7%
409,QNT,Quantum Software,Warsaw,Technology,Software & IT Services,PLN 33.58M,19.4x,-0.32,PLN 24.60,0%
410,GTSP,Geotrans SA,Warsaw,Industrials,Professional & Commercial Services,PLN 33.50M,20.4x,0.74,PLN 6.70,0.6%
411,INCP,INC,Warsaw,Financials,Investment Banking & Investment Services,PLN 33.46M,-2.7x,,PLN 2.25,4.2%
412,TSGP,Tesgas SA,Warsaw,Industrials,Construction & Engineering,PLN 32.80M,9.1x,0.66,PLN 2.89,0%
413,MPAY,mPay SA,Warsaw,Industrials,Professional & Commercial Services,PLN 32.66M,120.9x,2.09,PLN 0.48,0%
414,TLOP,Telesto SA,Warsaw,Industrials,Professional & Commercial Services,PLN 32.64M,126.8x,0.88,PLN 19.90,-4.3%
415,EFK,Efekt,Warsaw,Real Estate,Real Estate Operations,PLN 32.47M,0.8x,0,PLN 6.50,4%
416,SBE,Softblue SA,Warsaw,Technology,Software & IT Services,PLN 32.27M,13.2x,4.09,PLN 0.31,0%
417,MLB,Makolab,Warsaw,Technology,Software & IT Services,PLN 31.58M,16x,-0.4,PLN 4.52,6.1%
418,VEEP,Vee,Warsaw,Industrials,Professional & Commercial Services,PLN 31.32M,-22.5x,-0.35,PLN 18.84,-1.2%
419,ERAP,Erato Energy Alternatywna Spolka Inwestycyjna,Warsaw,Financials,Investment Banking & Investment Services,PLN 31.30M,-89.5x,-0.31,PLN 0.18,0%
420,PRTE,Protektor SA,Warsaw,Consumer Cyclicals,Textiles & Apparel,PLN 31.20M,-4.3x,0.01,PLN 1.64,3.1%
421,SEDP,Sedivio,Warsaw,Technology,Software & IT Services,PLN 30.75M,13.1x,-1.98,PLN 10.10,-0.5%
422,HRSP,Herkules SA,Warsaw,Industrials,Professional & Commercial Services,PLN 30.71M,-0.4x,0,PLN 0.90,3.5%
423,MO2P,Moliera2,Warsaw,Technology,Software & IT Services,PLN 30.34M,-1.6x,0.05,PLN 0.07,-13%
424,OXYP,Oxygen SA,Warsaw,Technology,Software & IT Services,PLN 29.64M,-17.1x,-0.21,PLN 0.31,0%
425,LUKP,Lukardi,Warsaw,Technology,Software & IT Services,PLN 29.54M,-45.9x,0.04,PLN 0.50,-12.3%
426,PGMP,PMPG Polskie Media,Warsaw,Consumer Cyclicals,Media & Publishing,PLN 29.50M,54.5x,-0.55,PLN 3.16,-2.5%
427,LES,Less,Warsaw,Consumer Cyclicals,Automobiles & Auto Parts,PLN 29.47M,-4.1x,-0.26,PLN 0.23,0%
428,OPIP,Optigis,Warsaw,Technology,Software & IT Services,PLN 29.37M,6.5x,0,PLN 0.44,0%
429,SEV,Sevenet,Warsaw,Technology,Software & IT Services,PLN 29.27M,12x,0.02,PLN 2.90,-0.7%
430,MTEP,Minutor Energia,Warsaw,Industrials,Construction & Engineering,PLN 28.67M,-15.3x,,PLN 0.28,0%
431,GMV1,Gamivo,Warsaw,Technology,Software & IT Services,PLN 28.53M,4.1x,-0.11,PLN 15.30,-3.2%
432,BHX,Binary Helix SA,Warsaw,Technology,Communications & Networking,PLN 28.45M,366.7x,-3.21,PLN 5.50,0%
433,KPI,Kancelaria Prawna Inkaso Wec SA,Warsaw,Consumer Non-Cyclicals,Personal & Household Products & Services,PLN 28.26M,22.5x,-0.89,PLN 2.86,0%
434,LBD,Lokaty Budowlane SA,Warsaw,Real Estate,Real Estate Operations,PLN 28.19M,78.8x,0.53,PLN 0.63,0%
435,MSP,MOSTOSTAL Płock SA,Warsaw,Industrials,Construction & Engineering,PLN 28M,-1.9x,0,PLN 14,-1.1%
436,MAN1,Manydev Studio SE,Warsaw,Consumer Cyclicals,Leisure Products,PLN 27.74M,-15.6x,-0.32,PLN 0.97,-1%
437,EON,Eonet,Warsaw,Technology,Software & IT Services,PLN 27.57M,26.3x,0.17,PLN 15,0%
438,AGLP,Agroliga,Warsaw,Consumer Non-Cyclicals,Food & Tobacco,PLN 27.22M,-16.1x,-0.46,PLN 17.70,-0.6%
439,HMPP,Hemp & Wood,Warsaw,Financials,Investment Banking & Investment Services,PLN 27.12M,-31.8x,-0.43,PLN 0.38,2.7%
440,IFRP,Invest Friends,Warsaw,Financials,Banking Services,PLN 27.05M,"4,175x",,PLN 6.68,0%
441,IDM,Dom Maklerski IDM,Warsaw,Financials,Investment Banking & Investment Services,PLN 27.03M,-20.4x,0.08,PLN 0.60,5.3%
442,GHYP,Global Hydrogen,Warsaw,Utilities,Electrical Utilities & IPPs,PLN 26.96M,-43.4x,0.49,PLN 2.30,0%
443,PMGP,Polska Grupa Militarna,Warsaw,,,PLN 26.92M,-32.2x,0.3,PLN 2.07,-3.3%
444,EBX,Ekobox,Warsaw,Industrials,Construction & Engineering,PLN 26.92M,8.2x,0.1,PLN 0.61,0%
445,IFCP,Invest Friends Capital,Warsaw,Financials,Banking Services,PLN 26.49M,2.2x,-0.24,PLN 0.25,0%
446,APSP,APS,Warsaw,Industrials,"Machinery, Tools, Heavy Vehicles, Trains & Ships",PLN 26.48M,8.4x,,PLN 5,0%
447,RCW,Ruch Chorzow SA,Warsaw,Consumer Cyclicals,Hotels & Entertainment Services,PLN 26.33M,-14.8x,-0.26,PLN 0.37,0%
448,INS1,Indos,Warsaw,Financials,Banking Services,PLN 26.23M,5.3x,-0.4,PLN 3.68,-0.5%
449,PNTP,PointPack.pl,Warsaw,Technology,Software & IT Services,PLN 26.18M,51.5x,-0.64,PLN 23.40,3.1%
450,RAE,Raen,Warsaw,Energy,Renewable Energy,PLN 26.15M,7.6x,0.07,PLN 0.51,2%
451,ATSP,Atlantis,Warsaw,Financials,Banking Services,PLN 26.12M,24.2x,-0.79,PLN 2.58,2%
452,MMSP,Madmind Studio,Warsaw,Technology,Software & IT Services,PLN 25.92M,-45.6x,0.27,PLN 2.16,-5.3%
453,TRIP,Triton Development,Warsaw,Real Estate,Real Estate Operations,PLN 25.71M,-5.7x,0,PLN 4.04,1%
454,LRQ,Larq,Warsaw,Consumer Cyclicals,Media & Publishing,PLN 25.60M,1.9x,0,PLN 1.92,-2%
455,SFSP,Sfinks Polska SA,Warsaw,Consumer Cyclicals,Hotels & Entertainment Services,PLN 25.42M,7.1x,-0.57,PLN 0.67,4.7%
456,MXC1,MaxCom,Warsaw,Technology,"Computers, Phones & Household Electronics",PLN 25.33M,17.8x,0.13,PLN 9.38,0.2%
457,GAR,Garin,Warsaw,Consumer Cyclicals,Automobiles & Auto Parts,PLN 25.28M,-735x,-8.26,PLN 1.47,0%
458,OZE,Oze Capital,Warsaw,Industrials,"Machinery, Tools, Heavy Vehicles, Trains & Ships",PLN 25.27M,7.7x,-0.3,PLN 0.78,11.4%
459,AOLP,Analizy,Warsaw,Industrials,Professional & Commercial Services,PLN 25.15M,14.5x,0.38,PLN 21,0%
460,DPL,Drozapol-Profil SA,Warsaw,Basic Materials,Metals & Mining,PLN 24.90M,-3.3x,0.03,PLN 4.07,0%
461,TMEP,Termoexpert SA,Warsaw,Industrials,Professional & Commercial Services,PLN 24.85M,"1,990x",20.39,PLN 24,0.4%
462,3RG,3R Games,Warsaw,Technology,Software & IT Services,PLN 24.82M,-305x,2.49,PLN 0.32,6.6%
463,SNW,Sanwil,Warsaw,Consumer Cyclicals,Textiles & Apparel,PLN 24.57M,3.5x,0,PLN 1.53,5.5%
464,RCMP,Red Carpet Media,Warsaw,Consumer Cyclicals,Media & Publishing,PLN 24.18M,6x,0.2,PLN 52,0%
465,NXGP,Nexity Global,Warsaw,Technology,Software & IT Services,PLN 24M,-50x,,PLN 2.40,2.6%
466,RSG1,Red Square Games,Warsaw,,,PLN 23.90M,,,PLN 18,-2.7%
467,DGE1,Drago Entertainment,Warsaw,Technology,Software & IT Services,PLN 23.78M,16.4x,-0.3,PLN 21.90,-1.4%
468,ITB,Interbud-Lublin SA,Warsaw,Industrials,Construction & Engineering,PLN 23.74M,1.1x,0.01,PLN 2.31,-1.3%
469,LUD,Ludus,Warsaw,Financials,Investment Banking & Investment Services,PLN 23.69M,-11.4x,0.1,PLN 0.28,0%
470,CBD1,Cannabis Poland SA,Warsaw,Healthcare,Pharmaceuticals,PLN 23.62M,-12x,0.36,PLN 0.48,0%
471,EKP,Elkop SA,Warsaw,Real Estate,Real Estate Operations,PLN 23.58M,3.6x,-9.5,PLN 0.51,-5.6%
472,ETXA,Euro-Tax.pl SA,Warsaw,Consumer Non-Cyclicals,Personal & Household Products & Services,PLN 23.50M,10x,-1.28,PLN 4.70,2.2%
473,PITP,Polaris IT Group SA,Warsaw,Consumer Cyclicals,Specialty Retailers,PLN 22.89M,-34.2x,-0.48,PLN 0.38,2.7%
474,STDP,Standrew,Warsaw,Basic Materials,Paper & Forest Products,PLN 22.79M,-882.3x,8.35,PLN 15,0%
475,AFHO,Aforti Holding SA,Warsaw,Industrials,Professional & Commercial Services,PLN 22.60M,-1x,-0.03,PLN 2.50,0%
476,FFIP,Fast Finance SA,Warsaw,Financials,Banking Services,PLN 22.40M,0.1x,-0.13,PLN 1.01,0%
477,GDCP,Gamedust,Warsaw,Technology,Software & IT Services,PLN 22.23M,-1.7x,0.05,PLN 0.13,0%
478,DTRP,Sare,Warsaw,Consumer Cyclicals,Media & Publishing,PLN 22.12M,-31.6x,0.06,PLN 8.90,0%
479,NSTP,Nestmedic,Warsaw,Healthcare,Healthcare Equipment & Supplies,PLN 21.57M,-2.9x,0.37,PLN 0.73,0%
480,RRHP,Roof Renovation,Warsaw,Industrials,Construction & Engineering,PLN 21.56M,-10x,0.08,PLN 0.12,0%
481,PDGP,Pyramid Games,Warsaw,Consumer Cyclicals,Leisure Products,PLN 21.51M,-20.9x,0.12,PLN 16.60,-3.2%
482,EEX,Eko Export SA,Warsaw,Industrials,Professional & Commercial Services,PLN 21.43M,-0.4x,0,PLN 1.63,0%
483,BEP,Biomass,Warsaw,Consumer Non-Cyclicals,Food & Tobacco,PLN 21.37M,56.3x,0.49,PLN 0.17,6.3%
484,GNGP,GENRG,Warsaw,Industrials,Construction & Engineering,PLN 21.24M,15.7x,0.09,PLN 0.22,-4.3%
485,TRXP,Trex SA,Warsaw,Consumer Cyclicals,Diversified Retail,PLN 21M,"-1,120x",-14.79,PLN 2.24,-8.2%
486,THGP,Tenderhut,Warsaw,Technology,Software & IT Services,PLN 20.62M,-5.6x,-0.07,PLN 9,0.4%
487,P2BP,Planet B2B SA,Warsaw,Technology,Software & IT Services,PLN 20.47M,30.8x,0.08,PLN 0.06,0%
488,STA1,Starward Industries,Warsaw,Technology,Software & IT Services,PLN 20.29M,-9.3x,-1.62,PLN 10.40,0.8%
489,SFK,Skoczkowska Fabryka Kapeluszy Polkap,Warsaw,Consumer Cyclicals,Textiles & Apparel,PLN 20.11M,-10.4x,-0.16,PLN 0.79,0%
490,UNLP,United Label,Warsaw,Technology,Software & IT Services,PLN 19.64M,50.1x,-0.93,PLN 15.40,0%
491,CERL,Cereal Planet,Warsaw,Consumer Non-Cyclicals,Food & Tobacco,PLN 19.58M,801x,,PLN 11,0%
492,GX1,Genxone,Warsaw,Healthcare,Pharmaceuticals,PLN 19.50M,-4.7x,0.08,PLN 5.90,-1%
493,O2TP,One2tribe,Warsaw,Technology,Software & IT Services,PLN 19.22M,348x,3.27,PLN 0.35,0%
494,IVOP,Incuvo,Warsaw,Technology,Software & IT Services,PLN 19M,10.4x,,PLN 1.33,-0.7%
495,SIM1,Simfabric,Warsaw,Technology,Software & IT Services,PLN 18.81M,-69.4x,-0.71,PLN 3.01,-5.6%
496,AAS1,Arts Alliance GK,Warsaw,Technology,Software & IT Services,PLN 18.51M,-12.3x,0.18,PLN 12.80,0%
497,VLTP,Voolt,Warsaw,Energy,Renewable Energy,PLN 18.36M,-26.7x,-0.43,PLN 2.18,0.5%
498,BCMP,Betacom,Warsaw,Technology,Software & IT Services,PLN 18.34M,12.1x,0,PLN 4.54,0%
499,DGA,Dga,Warsaw,Industrials,Professional & Commercial Services,PLN 18.04M,29.5x,-0.44,PLN 17.80,-0.6%
500,PBGG,PBG,Warsaw,Industrials,Construction & Engineering,PLN 18.01M,-0.1x,,PLN 0.02,0%
501,AWM,Airway,Warsaw,Healthcare,Biotechnology & Medical Research,PLN 17.91M,6.5x,,PLN 0.24,0%
502,PLMP,Polman SA,Warsaw,Industrials,Professional & Commercial Services,PLN 17.82M,-7.8x,0.02,PLN 0.54,0%
503,WHH,Werth Holz SA,Warsaw,Basic Materials,Paper & Forest Products,PLN 17.72M,-5.9x,0.03,PLN 0.21,0%
504,BEEP,Beein,Warsaw,Technology,Semiconductors & Semiconductor Equipment,PLN 17.63M,59.6x,,PLN 15.20,-6.8%
505,SIN,Solar Innovation,Warsaw,Energy,Renewable Energy,PLN 17.56M,-6.3x,-0.08,PLN 0.06,17.3%
506,KUBP,Kubota,Warsaw,Consumer Cyclicals,Specialty Retailers,PLN 17.55M,9.1x,0.05,PLN 12.50,-20.9%
507,VERP,MPL Verbum SA,Warsaw,Industrials,Professional & Commercial Services,PLN 17.48M,13.1x,0.06,PLN 7.15,0%
508,TGGP,Triggo,Warsaw,Consumer Cyclicals,Automobiles & Auto Parts,PLN 17.33M,,,PLN 3.30,0%
509,FMGP,One SA,Warsaw,Utilities,Electrical Utilities & IPPs,PLN 17.23M,7x,-0.08,PLN 87.80,-4.4%
510,BRAR,Braster,Warsaw,Healthcare,Biotechnology & Medical Research,PLN 17.04M,-4x,-0.17,PLN 0.58,0%
511,CPLP,Comperia,Warsaw,Technology,Software & IT Services,PLN 17.03M,5.6x,-0.16,PLN 5.40,0%
512,BSAP,Bras,Warsaw,Energy,Renewable Energy,PLN 16.97M,-9.1x,0.03,PLN 0.19,0%
513,MSMP,Massmedica,Warsaw,Healthcare,Healthcare Equipment & Supplies,PLN 16.90M,15.4x,0.3,PLN 7,2.9%
514,EKSP,Ekiosk,Warsaw,Consumer Cyclicals,Specialty Retailers,PLN 16.82M,10.3x,-0.21,PLN 0.93,0%
515,QUBP,Qubicgames,Warsaw,Consumer Cyclicals,Leisure Products,PLN 16.69M,15.2x,0.11,PLN 1.70,1.2%
516,IGNP,Innogene,Warsaw,Healthcare,Biotechnology & Medical Research,PLN 16.68M,-11.3x,-0.17,PLN 2.69,-16.7%
517,TMP,Telemedpl,Warsaw,Healthcare,Healthcare Providers & Services,PLN 16.56M,-20.4x,-0.43,PLN 1.55,6.2%
518,EDL,Edison,Warsaw,Technology,Software & IT Services,PLN 16.53M,14.6x,0.18,PLN 5.60,0%
519,GKS,GKS GieKSa Katowice SA,Warsaw,Consumer Cyclicals,Hotels & Entertainment Services,PLN 16.19M,-1.3x,0.01,PLN 0.19,0%
520,HPS,Hydrapres,Warsaw,Industrials,"Machinery, Tools, Heavy Vehicles, Trains & Ships",PLN 16.17M,-2.8x,0.02,PLN 0.45,0%
521,CPD,CPD,Warsaw,Real Estate,Real Estate Operations,PLN 16.14M,0.8x,0,PLN 3.60,0%
522,CMI1,CM Intl,Warsaw,Healthcare,Healthcare Equipment & Supplies,PLN 16.12M,-4.8x,0.03,PLN 13.40,0%
523,VKT,Vakomtek,Warsaw,Consumer Cyclicals,Specialty Retailers,PLN 16M,-7.6x,0.06,PLN 1,-5.7%
524,EGH,Ekopol,Warsaw,Energy,Oil & Gas,PLN 15.84M,29x,-0.55,PLN 6.30,3.3%
525,LPSP,Lauren Peso Polska SA,Warsaw,Academic & Educational Services,Professional & Business Education,PLN 15.78M,-3.6x,0,PLN 0.07,0%
526,CHPP,Cherrypick Games,Warsaw,Consumer Cyclicals,Leisure Products,PLN 15.77M,17.6x,-0.23,PLN 11.60,-5.7%
527,ZUK,Zaklady Urzadzen Kotlowych Staporkow,Warsaw,Industrials,"Machinery, Tools, Heavy Vehicles, Trains & Ships",PLN 15.61M,-5.8x,0.03,PLN 2.40,0.8%
528,7FTP,7Fit,Warsaw,Consumer Non-Cyclicals,Food & Tobacco,PLN 15.59M,9.7x,0.22,PLN 8.70,-2.3%
529,PRIP,Npl Nova,Warsaw,Financials,Banking Services,PLN 15.49M,-10.5x,3.94,PLN 4.21,0%
530,SYG,Sygnis,Warsaw,Healthcare,Biotechnology & Medical Research,PLN 15.40M,-6.2x,,PLN 0.61,-10.4%
531,GRM,Grempco,Warsaw,Financials,Investment Banking & Investment Services,PLN 15.26M,6x,0.68,PLN 0.62,5%
532,FONP,Fon Se,Warsaw,Financials,Banking Services,PLN 15.10M,8x,-0.75,PLN 5.30,-0.4%
533,EXMP,E Xim IT,Warsaw,Technology,Software & IT Services,PLN 14.74M,51.8x,-0.82,PLN 110,0%
534,GMZ1,Grupa Modne Zakupy,Warsaw,Consumer Cyclicals,Diversified Retail,PLN 14.46M,-29.2x,-0.72,PLN 0.42,10.4%
535,MERA,Mera,Warsaw,Consumer Cyclicals,Homebuilding & Construction Supplies,PLN 14.33M,-710x,,PLN 1.42,0%
536,CCS,Ccs,Warsaw,Technology,"Computers, Phones & Household Electronics",PLN 14.30M,-6.2x,0.05,PLN 0.90,-2.2%
537,CLAP,Console Labs,Warsaw,Consumer Cyclicals,Leisure Products,PLN 13.98M,,,PLN 12,0%
538,MOJ,Moj,Warsaw,Basic Materials,Metals & Mining,PLN 13.95M,6x,0.67,PLN 1.42,0%
539,TLGP,Telgam,Warsaw,Technology,Telecommunications Services,PLN 13.94M,39.6x,1.29,PLN 0.40,11.2%
540,BERP,Brg SA,Warsaw,Industrials,Professional & Commercial Services,PLN 13.78M,-135.5x,,PLN 0.14,0%
541,SNGP,Synerga.Fund,Warsaw,Financials,Investment Banking & Investment Services,PLN 13.71M,-100.4x,,PLN 0.50,0%
542,ASMG,ASM Group,Warsaw,Consumer Cyclicals,Media & Publishing,PLN 13.68M,26.9x,,PLN 0.24,0%
543,VAR2,Varsav VR,Warsaw,Technology,Software & IT Services,PLN 13.61M,18.1x,0.12,PLN 0.60,25%
544,MDPP,Medcamp,Warsaw,Real Estate,Real Estate Operations,PLN 13.60M,-10x,-0.13,PLN 0.52,-1.9%
545,ECCP,ECC Games,Warsaw,Consumer Cyclicals,Leisure Products,PLN 13.44M,-7.5x,0.17,PLN 0.61,1.7%
546,ONCP,Onico,Warsaw,Energy,Oil & Gas,PLN 13.36M,-5.1x,,PLN 9,0%
547,PIX,Second Chamber,Warsaw,Technology,Software & IT Services,PLN 13.32M,-3x,0.64,PLN 0.10,0%
548,OUTP,Outdoorzy,Warsaw,Consumer Cyclicals,Specialty Retailers,PLN 13.24M,50.7x,0.45,PLN 0.71,0%
549,VRF,VR Factory Games,Warsaw,Technology,Software & IT Services,PLN 13.11M,,,PLN 0.40,-4.8%
550,SZR,Szar,Warsaw,Energy,Coal,PLN 13.09M,-9.1x,,PLN 0.12,0%
551,SMTP,Simteract,Warsaw,Consumer Cyclicals,Leisure Products,PLN 12.97M,28.5x,4.35,PLN 10.60,1.9%
552,LGTA,Logintrade,Warsaw,Technology,Software & IT Services,PLN 12.92M,12.2x,0.43,PLN 2.58,-3.7%
553,VVD,Vivid,Warsaw,Technology,Software & IT Services,PLN 12.91M,-4.6x,0.01,PLN 0.40,0%
554,MEGP,Megaron,Warsaw,Basic Materials,Construction Materials,PLN 12.91M,-23.1x,-0.33,PLN 4.78,0%
555,SCSP,Stem Cells Spin,Warsaw,Healthcare,Biotechnology & Medical Research,PLN 12.90M,-62.4x,-8.66,PLN 0.31,0%
556,MWTP,M.W. Trade SA,Warsaw,Financials,Banking Services,PLN 12.89M,-4.7x,0.02,PLN 5.05,0%
557,BSHP,Bridge Solutions Hub,Warsaw,,,PLN 12.84M,,,PLN 8.04,47.8%
558,P2C,Play2Chill,Warsaw,Technology,Software & IT Services,PLN 12.79M,,,PLN 4.05,-0.7%
559,UNVP,Universe SA,Warsaw,Consumer Cyclicals,Household Goods,PLN 12.61M,"-5,500x",37.75,PLN 5.50,0%
560,IZO,Izolacja Jarocin,Warsaw,Consumer Cyclicals,Homebuilding & Construction Supplies,PLN 12.54M,11.4x,-0.27,PLN 3.30,1.9%
561,IPWP,Image Power,Warsaw,Consumer Cyclicals,Leisure Products,PLN 12.43M,-9.4x,0.01,PLN 8,9.6%
562,JRC,JRC SA,Warsaw,Technology,"Computers, Phones & Household Electronics",PLN 12.31M,203x,-2.25,PLN 0.10,0%
563,GTYP,DI Volio,Warsaw,Financials,Investment Banking & Investment Services,PLN 12.30M,"-20,833.3x",,PLN 9.50,18.8%
564,PLTP,Plot Twist,Warsaw,Technology,Software & IT Services,PLN 12.23M,37.7x,,PLN 0.89,1.1%
565,TGSP,True Games Syndicate,Warsaw,Consumer Cyclicals,Leisure Products,PLN 12.20M,-3.3x,0.45,PLN 0.64,3.2%
566,BTC1,BTC Studios,Warsaw,Technology,Software & IT Services,PLN 12.20M,-26.7x,0.21,PLN 0.37,0%
567,ZRX,Zortrax,Warsaw,Healthcare,Healthcare Equipment & Supplies,PLN 12.03M,-0.8x,,PLN 0.10,-9.1%
568,CCE1,Clean&Carbon EnergyA,Warsaw,Real Estate,Real Estate Operations,PLN 12M,-14x,0.02,PLN 0.35,-5.4%
569,HRCP,Grupa HRC SA,Warsaw,Industrials,Professional & Commercial Services,PLN 11.99M,292.4x,,PLN 1.41,0%
570,MMCP,MM Conferences SA,Warsaw,Industrials,Professional & Commercial Services,PLN 11.92M,10.3x,,PLN 11.10,0%
571,CRB1,Carbon Studio,Warsaw,Technology,Software & IT Services,PLN 11.89M,60.6x,-0.76,PLN 6.10,-0.7%
572,4MBP,4Mobility SA,Warsaw,Industrials,Passenger Transportation Services,PLN 11.86M,-46.2x,-0.64,PLN 2.40,-2.4%
573,MLMP,Milisystem,Warsaw,Academic & Educational Services,Professional & Business Education,PLN 11.66M,3.3x,0,PLN 1.06,-6.2%
574,ABKP,Abak SA,Warsaw,Industrials,Professional & Commercial Services,PLN 11.59M,15.2x,-0.75,PLN 4.30,0%
575,FEM1,Femion Technology,Warsaw,Financials,Investment Holding Companies,PLN 11.58M,-3.7x,,PLN 0.42,0%
576,BKD1,Baked Games,Warsaw,Technology,Software & IT Services,PLN 11.57M,,,PLN 4.65,1.1%
577,NXB,Nextbike Polska,Warsaw,Consumer Non-Cyclicals,Personal & Household Products & Services,PLN 11.55M,-0.6x,0,PLN 6.75,-0.7%
578,IMRP,Intermarum,Warsaw,Consumer Cyclicals,Leisure Products,PLN 11.55M,-14x,-0.22,PLN 0.07,0%
579,DNS,Danks,Warsaw,Industrials,Professional & Commercial Services,PLN 11.39M,4.7x,0.01,PLN 0.72,0%
580,BLFP,Beleaf,Warsaw,Basic Materials,Paper & Forest Products,PLN 11.20M,-30.5x,0.09,PLN 8,0%
581,RGLP,Robs Logistic,Warsaw,Industrials,Professional & Commercial Services,PLN 11.11M,,,PLN 0.54,12.5%
582,YBSP,Yellow Boson,Warsaw,Utilities,Electrical Utilities & IPPs,PLN 10.99M,-3.4x,,PLN 0.17,0%
583,BROP,Browar Czarnkow,Warsaw,Consumer Non-Cyclicals,Beverages,PLN 10.90M,-6.8x,-0.09,PLN 0.09,0%
584,ESG1,E Shopping,Warsaw,Healthcare,Biotechnology & Medical Research,PLN 10.81M,-10x,0.11,PLN 0.08,15.4%
585,SHYP,Sheepyard,Warsaw,Technology,Software & IT Services,PLN 10.79M,-0.4x,,PLN 0.42,0%
586,FVEP,Foto Volt Eko Energia,Warsaw,Industrials,Construction & Engineering,PLN 10.71M,-122.5x,0.64,PLN 0.48,33.2%
587,SKN,Sakana SA,Warsaw,Consumer Cyclicals,Hotels & Entertainment Services,PLN 10.65M,110x,-1.11,PLN 0.44,0%
588,ECNP,Ecnology,Warsaw,,,PLN 10.65M,39.4x,,PLN 1.42,-3.4%
589,IVESP,INVESTEKO,Warsaw,Industrials,Professional & Commercial Services,PLN 10.45M,-26x,1.61,PLN 1.90,-1.5%
590,PBF,PBS Finanse SA,Warsaw,Financials,Banking Services,PLN 10.45M,-16.7x,,PLN 1,-9.1%
591,AGPP,Agromep,Warsaw,Consumer Cyclicals,Specialty Retailers,PLN 10.38M,-9.6x,0.05,PLN 4.10,0%
592,VDS,Vidis SA,Warsaw,Technology,Office Equipment,PLN 10.31M,4.6x,0.01,PLN 4.26,0%
593,MFDP,Mfood,Warsaw,Consumer Non-Cyclicals,Food & Tobacco,PLN 10.29M,-3.1x,0.01,PLN 1.06,0%
594,DKR,Dektra SA,Warsaw,Consumer Cyclicals,Homebuilding & Construction Supplies,PLN 10.16M,20.6x,-0.37,PLN 9.20,0%
595,RHD,Reinhold Europe AB,Warsaw,Real Estate,Real Estate Operations,PLN 10.04M,-16.7x,,PLN 0.07,0%
596,LUO,Luon,Warsaw,Energy,Renewable Energy,PLN 10M,-28.4x,0.26,PLN 9.36,0%
597,VTL,Vistal Gdynia,Warsaw,Industrials,Construction & Engineering,PLN 9.87M,-0x,0,PLN 0.60,0%
598,RSTP1,Road Studio,Warsaw,Technology,Software & IT Services,PLN 9.78M,-24.2x,,PLN 6.64,7.1%
599,BPN,Blackpoin,Warsaw,Basic Materials,Chemicals,PLN 9.66M,24.4x,,PLN 0.81,0%
600,ZEN1,Zeneris Projekty,Warsaw,Industrials,Construction & Engineering,PLN 9.47M,,,PLN 5.24,10.5%
601,CFG,Creativeforge Games,Warsaw,Consumer Cyclicals,Leisure Products,PLN 9.33M,-5.2x,,PLN 3.50,0%
602,IMGP,Immersion Games,Warsaw,Technology,Software & IT Services,PLN 9.29M,,,PLN 2.90,-10.5%
603,EKE,Eko Oze,Warsaw,Healthcare,Healthcare Providers & Services,PLN 9.26M,-1x,,PLN 0.09,0%
604,WISP,Baltic Bridge,Warsaw,Technology,Telecommunications Services,PLN 9.20M,-16.1x,0.03,PLN 0.42,-16.1%
605,SHD,Soho Development,Warsaw,Consumer Cyclicals,Homebuilding & Construction Supplies,PLN 9M,-46.4x,0.44,PLN 0.42,2.5%
606,NTCP,New Tech Capital,Warsaw,Real Estate,Real Estate Operations,PLN 8.90M,0.8x,0,PLN 0.73,1.4%
607,ASRP,Astro SA,Warsaw,Consumer Cyclicals,Media & Publishing,PLN 8.89M,-6.1x,-0.08,PLN 0.14,0%
608,VIVP,Euroinvestment,Warsaw,Consumer Cyclicals,Media & Publishing,PLN 8.80M,-22x,-1.86,PLN 0.02,0%
609,IGTP,Igoria Trade SA,Warsaw,Technology,Software & IT Services,PLN 8.79M,13x,-0.22,PLN 0.31,3.3%
610,BFC,Biofactory SA,Warsaw,Basic Materials,Paper & Forest Products,PLN 8.75M,-22.7x,0.15,PLN 4.56,0%
611,WRLP,Wierzycl,Warsaw,Financials,Banking Services,PLN 8.74M,-18.7x,-0.66,PLN 1.16,9.4%
612,AQAP,Aquapoz,Warsaw,Industrials,Construction & Engineering,PLN 8.58M,24x,-0.63,PLN 10,0%
613,IBCK,IBC Polska F & P SA,Warsaw,Industrials,"Machinery, Tools, Heavy Vehicles, Trains & Ships",PLN 8.49M,-201.4x,1.8,PLN 2.82,0%
614,CRCP,Carpathia Capital,Warsaw,Financials,Investment Banking & Investment Services,PLN 8.46M,-2x,-0.47,PLN 2.10,0%
615,IMPP,Imperio Alternatywna Spolka Inwestycyjna,Warsaw,Financials,Investment Banking & Investment Services,PLN 8.46M,-3x,0,PLN 1.08,0%
616,NGGP,No Gravity Games SA,Warsaw,Technology,Software & IT Services,PLN 8.45M,-2.4x,0,PLN 0.05,0%
617,RDNP,Redan SA,Warsaw,Consumer Cyclicals,Textiles & Apparel,PLN 8.43M,-1.9x,0.01,PLN 0.24,20%
618,GTF,GO TFI SA,Warsaw,Financials,Investment Banking & Investment Services,PLN 8.42M,8.8x,0,PLN 16.90,0%
619,PRNP,Partner Nieruchomosci SA,Warsaw,Real Estate,Real Estate Operations,PLN 8.40M,1.9x,0.08,PLN 0.14,0%
620,LCN,Labocanna,Warsaw,Technology,Software & IT Services,PLN 8.18M,-12.9x,0.02,PLN 0.39,2.7%
621,AZC,Aztec,Warsaw,Industrials,"Machinery, Tools, Heavy Vehicles, Trains & Ships",PLN 8.13M,-18x,,PLN 2.38,0%
622,MPS1,Megapixel Studio,Warsaw,Technology,Software & IT Services,PLN 8.12M,-3.1x,0,PLN 6.55,-0.8%
623,MTNP,Milton Essex,Warsaw,Healthcare,Healthcare Equipment & Supplies,PLN 8.04M,-22.3x,,PLN 0.52,0%
624,AVEP,Advertigo SA,Warsaw,Consumer Cyclicals,Media & Publishing,PLN 8.03M,-130x,,PLN 0.27,0%
625,VRB,Verbicom,Warsaw,Technology,Telecommunications Services,PLN 8.02M,-83.3x,0.68,PLN 1,0%
626,MLP,Milkpol SA,Warsaw,Consumer Non-Cyclicals,Food & Tobacco,PLN 7.75M,-7.6x,,PLN 0.61,0%
627,VFA,VRfabric,Warsaw,,,PLN 7.74M,,,PLN 6.10,-7.6%
628,GAL,Galvo,Warsaw,Basic Materials,Metals & Mining,PLN 7.68M,-53.3x,0.45,PLN 1.92,0%
629,MADP,Madkom SA,Warsaw,Technology,Software & IT Services,PLN 7.66M,7.6x,,PLN 1.51,0%
630,EXAP,Examobile SA,Warsaw,Technology,Software & IT Services,PLN 7.62M,7x,-0.32,PLN 3.38,0%
631,ECTP,Eco5tech,Warsaw,Industrials,Construction & Engineering,PLN 7.56M,,,PLN 1.40,0%
632,ARIP,Agencja Rozwoju Innowacji SA,Warsaw,Industrials,Professional & Commercial Services,PLN 7.52M,103.3x,0.86,PLN 0.31,0%
633,FLG,Falcon Games,Warsaw,Technology,Software & IT Services,PLN 7.47M,-284x,1.37,PLN 0.28,0%
634,JJB,Jujubee SA,Warsaw,Technology,Software & IT Services,PLN 7.30M,17.7x,0.08,PLN 1.39,-4.1%
635,CPAP,Capital Partners,Warsaw,Financials,Investment Banking & Investment Services,PLN 7.11M,-4.2x,0.01,PLN 0.79,0%
636,P24,Present24 SA,Warsaw,Consumer Cyclicals,Specialty Retailers,PLN 6.96M,12.9x,0.06,PLN 0.12,0%
637,HRLP,Hornigold REIT,Warsaw,Real Estate,Real Estate Operations,PLN 6.92M,,,PLN 0.04,0%
638,TXNP,Tax Net SA,Warsaw,Industrials,Professional & Commercial Services,PLN 6.71M,14.7x,,PLN 2.86,0%
639,CCRP,Constance Care,Warsaw,Healthcare,Healthcare Providers & Services,PLN 6.68M,,,PLN 8.50,0%
640,NTS,Notoria,Warsaw,Industrials,Professional & Commercial Services,PLN 6.66M,23.9x,-1.39,PLN 5.55,4.7%
641,MRHP,Hamburger,Warsaw,Consumer Cyclicals,Hotels & Entertainment Services,PLN 6.59M,-18.4x,-0.2,PLN 0.51,0%
642,ENDP,Eneida Games,Warsaw,Technology,Software & IT Services,PLN 6.58M,,,PLN 35.40,0%
643,GPHP,Advanced Graphene Products,Warsaw,Industrials,"Machinery, Tools, Heavy Vehicles, Trains & Ships",PLN 6.55M,-2x,,PLN 0.70,4.5%
644,GOVP,Govena Lighting,Warsaw,Industrials,"Machinery, Tools, Heavy Vehicles, Trains & Ships",PLN 6.50M,-1.5x,,PLN 0.27,0%
645,GMB,Games Box,Warsaw,,,PLN 6.43M,,,PLN 5.30,22.7%
646,MBF,MBFGroup,Warsaw,Financials,Investment Banking & Investment Services,PLN 6.27M,-3.1x,0.01,PLN 2.09,-10.3%
647,GREP,MVA Green Energy SA,Warsaw,Energy,Renewable Energy,PLN 6.24M,12.5x,0,PLN 0.25,0%
648,MXPP,Maxipizza SA,Warsaw,Consumer Cyclicals,Hotels & Entertainment Services,PLN 6.18M,12.1x,0.26,PLN 0.53,0%
649,WREP,West Real Estate SA,Warsaw,Real Estate,Real Estate Operations,PLN 6.10M,-11.7x,0.08,PLN 0.61,0%
650,PTE,Parcel Technik,Warsaw,Consumer Cyclicals,Media & Publishing,PLN 6.05M,-2.5x,,PLN 0.56,0%
651,EMPP,Emplocity,Warsaw,Technology,Software & IT Services,PLN 5.96M,,,PLN 5.18,0%
652,ECLP,Easycall,Warsaw,Technology,Telecommunications Services,PLN 5.93M,-0.9x,0,PLN 4.26,0%
653,DUA,Duality,Warsaw,Technology,Software & IT Services,PLN 5.92M,-1.8x,0,PLN 1.48,-0.7%
654,ADV,Adiuvo Investment SA,Warsaw,Financials,Investment Banking & Investment Services,PLN 5.90M,-0.4x,-0.01,PLN 0.45,0%
655,APAP,Apanet,Warsaw,Industrials,"Machinery, Tools, Heavy Vehicles, Trains & Ships",PLN 5.85M,26.9x,0.21,PLN 1.80,0%
656,OLY1,Olymp,Warsaw,,,PLN 5.84M,,,PLN 0.40,-2.4%
657,KBTP,Klabater,Warsaw,Consumer Cyclicals,Leisure Products,PLN 5.79M,-3x,-0.07,PLN 0.65,0%
658,RBSP,Robinson Europe SA,Warsaw,Consumer Cyclicals,Leisure Products,PLN 5.71M,16.4x,0.07,PLN 3.26,-1.2%
659,ESKP,Eskimos,Warsaw,Consumer Non-Cyclicals,Food & Tobacco,PLN 5.58M,-0.6x,0.02,PLN 0.27,0%
660,NGDP,No Gravity Dev,Warsaw,,,PLN 5.47M,,,PLN 4.98,0%
661,NTVP,New Tech Venture,Warsaw,Consumer Cyclicals,Media & Publishing,PLN 5.47M,-725.4x,-6.9,PLN 0.13,7.9%
662,IWSP,Iron Wolf Studio,Warsaw,Technology,Software & IT Services,PLN 5.31M,,,PLN 3.64,0%
663,AINP,Absinvest,Warsaw,Financials,Investment Banking & Investment Services,PLN 5.17M,-30.5x,,PLN 0.67,0%
664,DEV,Energy SA,Warsaw,Consumer Cyclicals,Homebuilding & Construction Supplies,PLN 5.15M,-14x,-0.26,PLN 0.07,0%
665,EUC,Odszkodowań SA,Warsaw,Financials,Insurance,PLN 5.10M,-0.1x,0,PLN 0.91,0%
666,REMS,Remedis SA,Warsaw,Financials,Banking Services,PLN 5.06M,-2.2x,,PLN 0.08,0%
667,STI1,Stilo Energy,Warsaw,Energy,Renewable Energy,PLN 5.01M,-0.3x,,PLN 2.58,0%
668,T2P,Termo2Power,Warsaw,Energy,Renewable Energy,PLN 4.97M,29x,0.04,PLN 0.15,6.9%
669,AMVP,Asmodev,Warsaw,Technology,Software & IT Services,PLN 4.84M,,,PLN 1.10,-1.8%
670,BRHP,Berg Holding SA,Warsaw,Financials,Investment Holding Companies,PLN 4.83M,10.5x,,PLN 0.21,0%
671,PTNP,Poltronic SA,Warsaw,Industrials,"Machinery, Tools, Heavy Vehicles, Trains & Ships",PLN 4.80M,12.4x,-0.42,PLN 0.67,-6.9%
672,UFG,Uf Games,Warsaw,,,PLN 4.69M,,,PLN 1.36,0%
673,EFEN,Europejski Fundusz Energii SA,Warsaw,Technology,Software & IT Services,PLN 4.58M,-74.5x,-0.75,PLN 0.15,0%
674,QON,Quarticon,Warsaw,Technology,Software & IT Services,PLN 4.57M,-1.8x,-0.05,PLN 1.81,-0.5%
675,7LVP,7Levels,Warsaw,Consumer Cyclicals,Leisure Products,PLN 4.53M,-1.8x,0.03,PLN 6.25,0%
676,ASAP,Apis,Warsaw,Consumer Cyclicals,Homebuilding & Construction Supplies,PLN 4.50M,-7.7x,-0.19,PLN 0.02,0%
677,TBLP,T-Bull,Warsaw,Technology,Software & IT Services,PLN 4.40M,-1.5x,-0.03,PLN 3.70,0%
678,TOW,Tower Investments,Warsaw,Industrials,Construction & Engineering,PLN 4.37M,-0.2x,0,PLN 2.82,-4.1%
679,AUX,Auxilia,Warsaw,Consumer Non-Cyclicals,Personal & Household Products & Services,PLN 4.35M,-13.6x,0.08,PLN 0.96,-5.9%
680,KMEP,Kancelaria Medius SA,Warsaw,Financials,Banking Services,PLN 4.35M,-1.2x,0,PLN 0.30,3.4%
681,ONE1,One Solution,Warsaw,Financials,Banking Services,PLN 4.30M,,,PLN 0.13,0%
682,ICD,InterCapital Property,Warsaw,Real Estate,Residential & Commercial REITs,PLN 4.26M,46.8x,,PLN 1.95,0%
683,ATJP,Atomic Jelly,Warsaw,Technology,Software & IT Services,PLN 4.18M,-21x,-0.23,PLN 1.41,0%
684,AITP,Aiton,Warsaw,Technology,Software & IT Services,PLN 4.15M,-2.8x,-0.12,PLN 0.33,-2.9%
685,LXBP,Lexbono,Warsaw,Financials,Banking Services,PLN 4.07M,-9.3x,-0.14,PLN 0.20,0%
686,HRT,Hurtimex SA,Warsaw,Consumer Cyclicals,Textiles & Apparel,PLN 4.06M,8.3x,0.04,PLN 0.12,0%
687,MVRP,Movie Games VR,Warsaw,Consumer Cyclicals,Leisure Products,PLN 4.04M,123.3x,0.88,PLN 0.38,5.6%
688,RNTP,Private Rented Sector,Warsaw,Healthcare,Biotechnology & Medical Research,PLN 3.96M,-48.4x,3.57,PLN 3,-22.3%
689,STSP,Satis Group,Warsaw,Technology,Software & IT Services,PLN 3.95M,-0.6x,0,PLN 0.39,0%
690,FRMP,Freemind,Warsaw,,,PLN 3.90M,,,PLN 3.52,0%
691,BTK,Biztech Konsulting,Warsaw,Technology,Software & IT Services,PLN 3.80M,,,PLN 0.15,0%
692,PNWP,Plantwear,Warsaw,Consumer Cyclicals,Textiles & Apparel,PLN 3.70M,-0.8x,,PLN 1.15,0%
693,ARGP,Art Games Studio,Warsaw,Technology,Software & IT Services,PLN 3.67M,-20.4x,-0.38,PLN 0.64,0%
694,ATOP,Atonht,Warsaw,Industrials,Professional & Commercial Services,PLN 3.51M,-10.5x,,PLN 0.18,0%
695,APLP,LC SA,Warsaw,Industrials,"Machinery, Tools, Heavy Vehicles, Trains & Ships",PLN 3.45M,3.3x,-0.03,PLN 1.05,0%
696,THDP,Dust,Warsaw,Technology,Software & IT Services,PLN 3.33M,-0.8x,0,PLN 1.65,10%
697,IFA,Infra SA,Warsaw,Technology,Software & IT Services,PLN 3.32M,-885x,8.93,PLN 1.77,0%
698,DEGP,Detalion Games,Warsaw,Technology,Software & IT Services,PLN 3.29M,-8.1x,0.12,PLN 1.55,0%
699,PSH1,Polyslash,Warsaw,Technology,Software & IT Services,PLN 3.25M,-5.6x,0.04,PLN 1.31,0%
700,CWA,Consoleway,Warsaw,Technology,Software & IT Services,PLN 3.25M,,,PLN 2.80,0%
701,KCH,Krakchemia SA,Warsaw,Basic Materials,Chemicals,PLN 3.19M,-0.1x,0,PLN 0.35,-5.4%
702,APCP,Apollo Capital,Warsaw,Financials,Investment Banking & Investment Services,PLN 3.17M,-16.5x,,PLN 0.69,0%
703,LMGP,Live Motion Games,Warsaw,Consumer Cyclicals,Leisure Products,PLN 3.10M,3.8x,,PLN 2.13,-2.7%
704,KPC,Kupiec SA,Warsaw,Industrials,Professional & Commercial Services,PLN 3.05M,-14.3x,,PLN 0.88,-1.1%
705,DDIP,Draw Distance SA,Warsaw,Technology,Software & IT Services,PLN 2.99M,-6.2x,0.14,PLN 0.23,0%
706,YOL,BluGo,Warsaw,Financials,Banking Services,PLN 2.97M,-1.9x,,PLN 0.34,0%
707,DRGP,Drageus Games,Warsaw,Technology,Software & IT Services,PLN 2.87M,,,PLN 1.37,-4.9%
708,LTMP,Longterm Games,Warsaw,Technology,Software & IT Services,PLN 2.86M,,,PLN 2.22,-11.9%
709,DTX,Ditix,Warsaw,Financials,Banking Services,PLN 2.79M,-5.5x,0.04,PLN 0.15,0%
710,RDSP,Red Dev Studio,Warsaw,Technology,Software & IT Services,PLN 2.69M,,,PLN 0.48,0%
711,PMA,Prima Moda,Warsaw,Consumer Cyclicals,Specialty Retailers,PLN 2.69M,-0.4x,,PLN 0.84,0%
712,NRSP,Neurone Studio,Warsaw,Technology,Software & IT Services,PLN 2.63M,-11.1x,-0.23,PLN 1.20,0%
713,OVI,Ovid Works,Warsaw,Technology,Software & IT Services,PLN 2.62M,-4.7x,-0.54,PLN 0.24,-4%
714,MNDP,Mineral Midrange SA,Warsaw,Technology,Software & IT Services,PLN 2.58M,22.5x,-1.97,PLN 0.58,0%
715,AQT,AQT Water,Warsaw,Industrials,Professional & Commercial Services,PLN 2.41M,-0.4x,0,PLN 1.02,-7.3%
716,PBT1,Prime Bit Games,Warsaw,Technology,Software & IT Services,PLN 2.29M,-2.2x,0.03,PLN 0.21,0%
717,DGSP,Demolish Games,Warsaw,,,PLN 2.23M,-0.3x,,PLN 0.97,6.6%
718,FOXP,Space Fox Games,Warsaw,,,PLN 2.20M,,,PLN 2.20,-0.9%
719,FTLP,Foothills,Warsaw,Technology,Software & IT Services,PLN 2.13M,-19.9x,-1.31,PLN 0.26,13.3%
720,DRF,Dr.Finance,Warsaw,Financials,Investment Banking & Investment Services,PLN 2.11M,-40.4x,-0.65,PLN 0.56,0%
721,UFCP,Unified Factory,Warsaw,Technology,Software & IT Services,PLN 2.09M,-2.6x,0,PLN 0.24,0%
722,NFP,Digital Space,Warsaw,Technology,Software & IT Services,PLN 2.04M,-1x,-0.02,PLN 0.16,0%
723,K2P,Kool2play,Warsaw,Consumer Cyclicals,Leisure Products,PLN 1.99M,-1.1x,0,PLN 0.96,-4%
724,PPGP,Punch Punk,Warsaw,Technology,Software & IT Services,PLN 1.95M,,,PLN 0.37,0%
725,ELMP,Elektromont SA w restrukturyzacji,Warsaw,Industrials,Construction & Engineering,PLN 1.89M,-2.8x,-0.03,PLN 0.29,0%
726,PLGP,PL Group,Warsaw,Consumer Cyclicals,Specialty Retailers,PLN 1.80M,3.5x,0.02,PLN 0.09,0%
727,FKD,Fabryka Konstrukcji Drewnianych,Warsaw,Basic Materials,Paper & Forest Products,PLN 1.78M,-0.3x,-0.02,PLN 0.05,0%
728,BRP1,Black Rose Projects,Warsaw,Technology,Software & IT Services,PLN 1.75M,,,PLN 1.22,-0.8%
729,GOLP,Golab SA,Warsaw,Consumer Cyclicals,Textiles & Apparel,PLN 1.72M,-9.4x,-0.72,PLN 0.16,0%
730,PBB,Prefabet Biale Blota SA,Warsaw,Basic Materials,Construction Materials,PLN 1.67M,0.1x,0,PLN 1.90,0%
731,AERP,AerFinance PLC,Warsaw,Financials,Investment Banking & Investment Services,PLN 1.67M,-1x,,PLN 0.09,0%
732,CMC,Comeco SA,Warsaw,Basic Materials,Chemicals,PLN 1.63M,-7.9x,,PLN 0.13,0%
733,MRKP,Marka,Warsaw,Financials,Banking Services,PLN 1.61M,-1x,0.01,PLN 0.40,0%
734,FPOA,Forposta,Warsaw,Industrials,Freight & Logistics Services,PLN 1.60M,-4.1x,0.14,PLN 1.10,0%
735,AFC,Akcept Finance SA,Warsaw,Financials,Banking Services,PLN 1.55M,-3.1x,0.01,PLN 0.31,0%
736,MRDP,Medard,Warsaw,Consumer Cyclicals,Hotels & Entertainment Services,PLN 1.45M,-20.3x,-22.85,PLN 0.65,0%
737,MLTP,Moonlit,Warsaw,Technology,Software & IT Services,PLN 1.42M,,-0.09,PLN 0.17,0%
738,CRS,Copernic,Warsaw,Financials,Investment Banking & Investment Services,PLN 1.12M,-0.1x,,PLN 1.03,0%
739,PSMP,Plasma,Warsaw,Basic Materials,Metals & Mining,PLN 878.68K,-0.2x,,PLN 0.16,0%
740,QMULTIFIZ,Quercus Multistrategy,Warsaw,Financials,Investment Banking & Investment Services,,,,"PLN 1,945",0%
741,PKOASZEWZ,PKO EUROPA WSCHD,Warsaw,Financials,Investment Banking & Investment Services,,,,PLN 107.50,0%
742,BPHFIZMLI,Rockbridge FIZ Multi Inwestycja,Warsaw,Financials,Investment Banking & Investment Services,,,,PLN 105.70,0%
743,INVGLDFIZ,Investor Gold,Warsaw,Financials,Investment Banking & Investment Services,,,,"PLN 1,956.25",0%
744,NOBP,Noobz From Poland,Warsaw,Consumer Cyclicals,Leisure Products,,,,PLN 11.30,0%
745,PKOSO,PKO/CREDIT SUISSE Obligacji,Warsaw,Financials,Investment Banking & Investment Services,,,,PLN 123.26,0%
746,PKOGD,PKO GLOBALNEGO,Warsaw,Financials,Collective Investments,,,,PLN 98.80,0%
747,PKOGS,PKO Globalnej Strategii,Warsaw,Financials,Collective Investments,,,,PLN 102.16,0%
748,PZUAKORD,PZU FUNDUSZ INWEST,Warsaw,Financials,Collective Investments,,,,PLN 130.75,0%
749,INVCEEFIZ,Investor Central East Europe,Warsaw,Financials,Collective Investments,,,,PLN 499.90,0%
