1,ISKUR,Turkiye Is Bankasi,Istanbul,Financials,Banking Services,"TRY 150,000.27T",4.8x,-84.06,"TRY 6,000,000",0%
2,ISATR,Turkiye Is Bankasi A,Istanbul,Financials,Banking Services,"TRY 145,200.27T","2,140,000x",-84.06,"TRY 5,808,000",0%
3,ISBTR,Turkiye Is Bankasi B,Istanbul,Financials,Banking Services,"TRY 16,200.03T","2,140,000x",-84.06,"TRY 648,000",-0.2%
4,OJT,Qnb Finansbank,Istanbul,Financials,Banking Services,TRY 880.21B,28.1x,,TRY 263.25,0.4%
5,QNBFB,Qnb Finansbank,Istanbul,Financials,Banking Services,TRY 880.21B,28.1x,0.45,TRY 263.25,0.4%
6,GARAN,Garanti Bank,Istanbul,Financials,Banking Services,TRY 479.22B,4.9x,0.13,TRY 114,0.9%
7,KCHOL,Koc Holding,Istanbul,Financials,Investment Holding Companies,TRY 470.66B,12.5x,-0.23,TRY 185.70,1.8%
8,THYAO,THY,Istanbul,Industrials,Passenger Transportation Services,TRY 398.46B,2.2x,0.01,TRY 288.50,-1.1%
9,BIMAS,BIM Magazalar,Istanbul,Consumer Cyclicals,Diversified Retail,TRY 341.48B,18.8x,1.76,TRY 572,0.7%
10,ISCTR,Turkiye Is Bankasi C,Istanbul,Financials,Banking Services,TRY 332.50B,"2,140,000x",-84.06,TRY 13.30,2%
11,FROTO,Ford Otosan,Istanbul,Consumer Cyclicals,Automobiles & Auto Parts,TRY 311.96B,6.9x,0.58,TRY 890,1.1%
12,TUPRS,Tupras Turkiye,Istanbul,Energy,Oil & Gas,TRY 311.76B,4.6x,,TRY 162.60,2.3%
13,AKBNK,Akbank TAS,Istanbul,Financials,Banking Services,TRY 303.42B,5.1x,-0.31,TRY 58.35,3.8%
14,ASELS,Aselsan,Istanbul,Industrials,Aerospace & Defense,TRY 266.99B,27.6x,0.05,TRY 58.70,2%
15,ENKAI,ENKA,Istanbul,Industrials,Construction & Engineering,TRY 263.47B,16.5x,0.38,TRY 45.10,1%
16,YKBNK,Yapi ve Kredi Bankasi,Istanbul,Financials,Banking Services,TRY 243.44B,4x,0.6,TRY 28.90,3.4%
17,TCELL,Turkcell,Istanbul,Technology,Telecommunications Services,TRY 228.90B,14.7x,0.1,TRY 105,1.4%
18,SASA,SASA Polyester,Istanbul,Consumer Cyclicals,Textiles & Apparel,TRY 222.23B,7.2x,-3.2,TRY 5.25,2.7%
19,KENT,Kent Gida,Istanbul,Consumer Non-Cyclicals,Food & Tobacco,TRY 212.96B,393.5x,0.11,TRY 960,-1%
20,SAHOL,Sabanci Holding,Istanbul,Financials,Investment Holding Companies,TRY 197.54B,15.6x,-0.27,TRY 94.20,3.1%
21,PKENT,Petrokent Turizm,Istanbul,Consumer Cyclicals,Hotels & Entertainment Services,TRY 192.10B,758.3x,3.25,TRY 232.10,4.5%
22,VAKBN,Vakif Bankasi,Istanbul,Financials,Banking Services,TRY 191.28B,4.6x,,TRY 19.37,2%
23,CCOLA,Coca Cola Icecek,Istanbul,Consumer Non-Cyclicals,Beverages,TRY 189.01B,9.3x,0.43,TRY 67.60,-0.2%
24,TTKOM,Turk Telekom,Istanbul,Technology,Telecommunications Services,TRY 174.65B,10.7x,0.09,TRY 50.20,1.7%
25,EREGL,Erdemir,Istanbul,Basic Materials,Metals & Mining,TRY 174.44B,18.1x,-0.82,TRY 49.86,1.3%
26,AEFES,Anadolu Efes Malt,Istanbul,Consumer Non-Cyclicals,Beverages,TRY 154.39B,6.9x,0.01,TRY 261.75,1.2%
27,SISE,Sisecam,Istanbul,Consumer Non-Cyclicals,Consumer Goods Conglomerates,TRY 133.19B,8.9x,-0.22,TRY 43.56,2.8%
28,TOASO,Tofas,Istanbul,Consumer Cyclicals,Automobiles & Auto Parts,TRY 122.25B,12.6x,-0.31,TRY 244.70,1.1%
29,HALKB,Turkiye Halk Bk,Istanbul,Financials,Banking Services,TRY 115.89B,6.6x,-0.15,TRY 16.20,2.7%
30,PGSUS,Pegasus,Istanbul,Industrials,Passenger Transportation Services,TRY 113.25B,3.8x,0.05,TRY 225.50,-1.1%
31,QNBFL,QNB Finans,Istanbul,Financials,Banking Services,TRY 104.20B,127.7x,4.2,TRY 108,0.2%
32,ISDMR,Iskenderun,Istanbul,Basic Materials,Metals & Mining,TRY 100.46B,10.3x,0.05,TRY 34.94,3.3%
33,ARCLK,Arcelik AS,Istanbul,Consumer Cyclicals,Household Goods,TRY 92.79B,19.8x,-0.49,TRY 153.40,4.3%
34,MGROS,Migros,Istanbul,Consumer Non-Cyclicals,Food & Drug Retailing,TRY 92.70B,12x,-0.38,TRY 516,1.1%
35,OYAKC,Oyak Cimento,Istanbul,Basic Materials,Construction Materials,TRY 90.38B,10.5x,-2.8,TRY 72.90,2.5%
36,TAVHL,TAV Havalimanlar,Istanbul,Industrials,Transport Infrastructure,TRY 87.51B,9.6x,0.02,TRY 243.20,0.9%
37,AGHOL,AG Anadolu Group Holding,Istanbul,Financials,Investment Holding Companies,TRY 85.97B,4.7x,-0.78,TRY 352.75,-3.8%
38,RAYSG,Ray Sigorta,Istanbul,Financials,Insurance,TRY 81.05B,49.9x,,TRY 502.50,0.7%
39,KLNMA,Turkiye Kalkinma,Istanbul,Financials,Investment Banking & Investment Services,TRY 78.16B,8.8x,0.52,TRY 14.21,0.1%
40,KOZAL,Koza Altin,Istanbul,Basic Materials,Metals & Mining,TRY 76.67B,131.6x,1.16,TRY 24.12,2.7%
41,ENJSA,Enerjisa Enerji,Istanbul,Utilities,Electrical Utilities & IPPs,TRY 76.30B,17.9x,-0.25,TRY 64.85,5.4%
42,MPARK,MLP Saglik,Istanbul,Healthcare,Healthcare Providers & Services,TRY 75.88B,15.4x,,TRY 362,0.4%
43,ASTOR,Astor Enerji AS,Istanbul,Industrials,"Machinery, Tools, Heavy Vehicles, Trains & Ships",TRY 73.85B,20x,0.12,TRY 74.80,1.1%
44,TTRAK,Turk Traktor,Istanbul,Industrials,"Machinery, Tools, Heavy Vehicles, Trains & Ships",TRY 71.60B,9.4x,-1.84,TRY 714.50,0.9%
45,KLSER,Kaleseramik Canakkale Kalebodur,Istanbul,Consumer Cyclicals,Homebuilding & Construction Supplies,TRY 69.29B,-138.3x,1.16,TRY 42.52,1%
46,INVES,Investco Holding AS,Istanbul,Financials,Investment Holding Companies,TRY 65.58B,17x,-0.58,TRY 355,1.5%
47,TURSG,Turkiye Sigorta,Istanbul,Financials,Insurance,TRY 63.90B,6.4x,0.04,TRY 12.76,2.4%
48,OTKAR,Otokar,Istanbul,Industrials,"Machinery, Tools, Heavy Vehicles, Trains & Ships",TRY 62.52B,80x,,TRY 523,0.3%
49,ULKER,Ulker Biskuvi,Istanbul,Consumer Non-Cyclicals,Food & Tobacco,TRY 61.56B,17.8x,0.09,TRY 166.10,1.3%
50,ISMEN,Is Yatirim Menkul Degerler,Istanbul,Financials,Investment Banking & Investment Services,TRY 57.96B,12.2x,-3.65,TRY 39.02,3.8%
51,GUBRF,Gubretas,Istanbul,Basic Materials,Chemicals,TRY 55.88B,-113.1x,-2.33,TRY 168.30,3.4%
52,PETKM,Petkim,Istanbul,Basic Materials,Chemicals,TRY 54.95B,4.8x,0.02,TRY 21.72,2.1%
53,BRSAN,Borusan Birlesik,Istanbul,Basic Materials,Metals & Mining,TRY 52.94B,16.8x,0.86,TRY 373.25,3%
54,KLRHO,Kiler Holding AS,Istanbul,Real Estate,Real Estate Operations,TRY 52.36B,8.4x,0.05,TRY 32.10,-0.4%
55,DOAS,Dogus Otomotiv,Istanbul,Consumer Cyclicals,Specialty Retailers,TRY 52.05B,2.9x,-0.15,TRY 237.20,2.5%
56,BRYAT,Borusan Yatirim,Istanbul,Basic Materials,Metals & Mining,TRY 51.98B,26.6x,1.34,"TRY 1,842",3.2%
57,CLEBI,Celebi,Istanbul,Industrials,Transport Infrastructure,TRY 49.40B,23.7x,0.25,"TRY 2,036",1.3%
58,TABGD,Tab Gida Sanayi ve Ticaret AS,Istanbul,Consumer Cyclicals,Hotels & Entertainment Services,TRY 47.79B,37.2x,-0.4,TRY 178.20,-2.6%
59,TRGYO,Torunlar GYO,Istanbul,Real Estate,Residential & Commercial REITs,TRY 45.51B,3.8x,-0.12,TRY 46.10,0.5%
60,ANHYT,Anadolu Hayat,Istanbul,Financials,Insurance,TRY 45.37B,11.8x,0.2,TRY 105.50,10%
61,AKSEN,Aksa Enerji Uretim,Istanbul,Utilities,Electrical Utilities & IPPs,TRY 45.30B,9.7x,-0.44,TRY 37.12,2.9%
62,ALARK,Alarko Holding,Istanbul,Real Estate,Real Estate Operations,TRY 44.80B,9.6x,-0.14,TRY 103.50,-0.2%
63,EKGYO,Emlak Konut GYO,Istanbul,Real Estate,Residential & Commercial REITs,TRY 43.81B,-55.7x,-0.72,TRY 11.55,4.5%
64,MAVI,Mavi Giyim Sanayi,Istanbul,Consumer Cyclicals,Specialty Retailers,TRY 43.22B,18.6x,1.28,TRY 108.90,0%
65,NUHCM,Nuh Cimento,Istanbul,Basic Materials,Construction Materials,TRY 41.83B,20x,2.01,TRY 278.25,0.1%
66,DOHOL,Dogan Holding,Istanbul,Financials,Investment Holding Companies,TRY 41.79B,17.2x,0.07,TRY 16.08,2.2%
67,ANSGR,Anadolu Sigorta,Istanbul,Financials,Insurance,TRY 41.10B,4.5x,0.04,TRY 82.10,3.7%
68,CMENT,Cimentas,Istanbul,Basic Materials,Construction Materials,TRY 39.40B,46.1x,0.69,TRY 477.75,10%
69,AKSA,Aksa Akrilik,Istanbul,Consumer Cyclicals,Textiles & Apparel,TRY 39.39B,19.8x,-0.37,TRY 10.15,1.2%
70,SELEC,Selcuk Ecza Deposu,Istanbul,Healthcare,Pharmaceuticals,TRY 37.66B,-227.6x,1.85,TRY 61.05,4.2%
71,ECILC,EIS,Istanbul,Healthcare,Pharmaceuticals,TRY 36.94B,12x,2.24,TRY 53.55,3.9%
72,RGYAS,Ronesans Gayrimenkul Yatirim AS,Istanbul,Real Estate,Real Estate Operations,TRY 36.34B,1.8x,0.08,TRY 110.60,0.7%
73,BANVT,Banvitas,Istanbul,Consumer Non-Cyclicals,Food & Tobacco,TRY 35.86B,20.8x,0.08,TRY 356.25,4.9%
74,AHGAZ,Ahlatci Dogal Gaz Dagitim Enerji,Istanbul,Utilities,Natural Gas Utilities,TRY 34.89B,4.8x,0.05,TRY 13.32,-0.7%
75,BTCIM,Baticim,Istanbul,Basic Materials,Construction Materials,TRY 34.64B,22.2x,1.15,TRY 194,-5.2%
76,SOKM,Sok Marketler,Istanbul,Consumer Cyclicals,Diversified Retail,TRY 34.50B,10.1x,-0.18,TRY 58.15,0.6%
77,KONYA,Konya Cimento,Istanbul,Basic Materials,Construction Materials,TRY 34.20B,58.6x,0.04,"TRY 7,035",1.6%
78,AYGAZ,Aygaz AS,Istanbul,Energy,Oil & Gas,TRY 33.72B,6.8x,,TRY 153.40,1.7%
79,EGEEN,Ege Endustri,Istanbul,Consumer Cyclicals,Automobiles & Auto Parts,TRY 33.63B,43.1x,0.98,"TRY 10,750",2.4%
80,LYDHO,Lydia Holding AS,Istanbul,Industrials,Diversified Industrial Goods Wholesale,TRY 32.47B,-225.8x,1.69,TRY 156,8.3%
81,TSKB,TSKB,Istanbul,Financials,Banking Services,TRY 32.14B,3.8x,0.08,TRY 11.54,5.5%
82,TBORG,T Tuborg,Istanbul,Consumer Non-Cyclicals,Beverages,TRY 31.61B,41.7x,0.52,TRY 98,0%
83,VESBE,Vestel Beyaz,Istanbul,Consumer Cyclicals,Household Goods,TRY 30.82B,7.3x,0.02,TRY 19.28,1.6%
84,BRISA,Brisa,Istanbul,Consumer Cyclicals,Automobiles & Auto Parts,TRY 30.56B,7.7x,0.06,TRY 100.70,4.2%
85,ZRGYO,Ziraat Gayrimenkul Yatirim Ortakligi AS,Istanbul,Real Estate,Real Estate Operations,TRY 30.37B,8.4x,-0.14,TRY 6.50,0.5%
86,CIMSA,Cimsa,Istanbul,Basic Materials,Construction Materials,TRY 30.03B,11.9x,-0.3,TRY 31.76,1.2%
87,MOGAN,Mogan Enerji Yatirim Holding AS,Istanbul,,,TRY 29.82B,-15.4x,,TRY 12.65,3.5%
88,HEKTS,Hektas,Istanbul,Basic Materials,Chemicals,TRY 29.58B,-22.7x,0.13,TRY 11.70,2.5%
89,KRDMD,Kardemir D,Istanbul,Basic Materials,Metals & Mining,TRY 29B,84.5x,0.05,TRY 25.44,2%
90,AKCNS,Akcansa,Istanbul,Basic Materials,Construction Materials,TRY 29B,14.6x,-0.89,TRY 151.30,0.8%
91,ENERY,Enerya Enerji AS,Istanbul,Utilities,Natural Gas Utilities,TRY 28.54B,7.9x,-1.07,TRY 193.80,-1.5%
92,MAGEN,Margun Enerji Uretim Sanayi ve Ticaret,Istanbul,Utilities,Electrical Utilities & IPPs,TRY 28.23B,33x,0.15,TRY 20.70,0.3%
93,KCAER,Kocaer Celik Sanayi ve Ticaret AS,Istanbul,Basic Materials,Metals & Mining,TRY 27.95B,20.3x,0.58,TRY 43.50,2.3%
94,POLTK,Politeknik Metal,Istanbul,Basic Materials,Chemicals,TRY 27.43B,-613.3x,1.37,"TRY 7,330",0.4%
95,UFUK,Ufuk Yatirim,Istanbul,Financials,Banking Services,TRY 27.15B,134.8x,1.03,TRY 579.50,10%
96,ALTNY,Altinay Savunma Teknolojileri AS,Istanbul,Industrials,Aerospace & Defense,TRY 26.87B,59x,,TRY 109.80,-3.8%
97,KOZAA,Koza Anadolu,Istanbul,Basic Materials,Metals & Mining,TRY 26.60B,78.3x,0.67,TRY 68.90,2.5%
98,SMRTG,Smart Gunes Enerjisi Teknolojileri,Istanbul,Energy,Renewable Energy,TRY 25.74B,21x,0,TRY 43.20,1.6%
99,CWENE,Cw Enerji Muhendislik Ticaret ve,Istanbul,Energy,Renewable Energy,TRY 25.10B,60.7x,-1.46,TRY 207.90,2.5%
100,MIATK,Mia Teknoloji AS,Istanbul,Technology,Software & IT Services,TRY 24.95B,26.3x,0.18,TRY 51.70,2.4%
101,RYSAS,Reysas,Istanbul,Industrials,Freight & Logistics Services,TRY 24.88B,23.9x,0.37,TRY 49.30,-2.1%
102,ZOREN,Zorlu Enerji,Istanbul,Utilities,Electrical Utilities & IPPs,TRY 24B,0.4x,-0.03,TRY 4.82,2.1%
103,RYGYO,Reysas GYO,Istanbul,Real Estate,Residential & Commercial REITs,TRY 23.88B,1.3x,0.01,TRY 11.92,-0.2%
104,BSOKE,Batisoke Soke,Istanbul,Basic Materials,Construction Materials,TRY 23.70B,22.5x,0.03,TRY 59.45,1.6%
105,GENIL,Gen İlaç ve Sağlık Ürünleri,Istanbul,Healthcare,Pharmaceuticals,TRY 23.70B,40.5x,0.23,TRY 82.60,4.6%
106,VESTL,Vestel,Istanbul,Technology,"Computers, Phones & Household Electronics",TRY 23.21B,14.4x,0.05,TRY 69.75,2.9%
107,BFREN,Bosch Fren,Istanbul,Consumer Cyclicals,Automobiles & Auto Parts,TRY 22.79B,-534.2x,3.82,TRY 744.50,2.8%
108,KRDMA,Kardemir A,Istanbul,Basic Materials,Metals & Mining,TRY 22.44B,116.2x,0.05,TRY 19.74,0.9%
109,AKFYE,Akfen Yenilenebilir Enerji AS,Istanbul,Utilities,Electrical Utilities & IPPs,TRY 22.29B,5x,0.01,TRY 22.72,3.6%
110,ECZYT,Eczacibasi Yatirim,Istanbul,Financials,Investment Holding Companies,TRY 22.07B,19.5x,0.65,TRY 210.90,4.3%
111,ALFAS,Alfa Solar Enerji AS,Istanbul,Energy,Renewable Energy,TRY 21.77B,63.1x,-0.97,TRY 59.75,1%
112,KONTR,Kontrolmatik Teknoloji,Istanbul,Industrials,Construction & Engineering,TRY 21.60B,48.5x,-1.41,TRY 48.66,1.4%
113,AGROT,Agrotech Yuksek Teknoloji,Istanbul,,,TRY 21.53B,12.8x,-0.15,TRY 18,0.3%
114,VERUS,Verusa Holding,Istanbul,Financials,Investment Banking & Investment Services,TRY 21.40B,36.6x,0.08,TRY 307.25,2%
115,ESCAR,Escar Turizm Tasimacilik Ticaret AS,Istanbul,Financials,Banking Services,TRY 21.26B,15.4x,0.24,TRY 395.75,1.1%
116,KRDMB,Kardemir B,Istanbul,Basic Materials,Metals & Mining,TRY 21.19B,116.2x,0.05,TRY 18.54,1%
117,AGESA,Agesa Hayat ve Emeklilik AS,Istanbul,Financials,Insurance,TRY 20.39B,10.7x,,TRY 113.50,0.2%
118,GESAN,Girisim Elektrik Taahhut Ticaret Sanayi AS,Istanbul,Industrials,Construction & Engineering,TRY 20.34B,31x,-8.56,TRY 45.14,2.1%
119,MRSHL,Marshall,Istanbul,Basic Materials,Chemicals,TRY 19.69B,-567.2x,-11.3,"TRY 1,780",-1.7%
120,BINHO,1000 Yatirimlar Holding AS,Istanbul,Consumer Non-Cyclicals,Personal & Household Products & Services,TRY 19.35B,7.3x,,TRY 410,-0.4%
121,EUPWR,Europower Enerji ve Otomasyon,Istanbul,,,TRY 19.25B,17.8x,1.02,TRY 92.15,5.3%
122,TKFEN,Tekfen Holding,Istanbul,Industrials,Construction & Engineering,TRY 19.17B,90.2x,-0.99,TRY 51.80,1.7%
123,ASUZU,Anadolu Isuzu,Istanbul,Industrials,"Machinery, Tools, Heavy Vehicles, Trains & Ships",TRY 18.89B,12.3x,0.39,TRY 74.75,1.3%
124,AYDEM,Aydem Yenilenebilir Enerji AS,Istanbul,Utilities,Electrical Utilities & IPPs,TRY 18.84B,-13x,0.08,TRY 27.48,1.9%
125,YIGIT,Yigit AKU Malzemeleri Nakliyat,Istanbul,Industrials,"Machinery, Tools, Heavy Vehicles, Trains & Ships",TRY 18.41B,0x,,TRY 55.15,-10%
126,BASGZ,Başkent Doğalgaz Dağıtım Gayrimenkul,Istanbul,Utilities,Natural Gas Utilities,TRY 18.37B,5.2x,-0.08,TRY 26.68,1.7%
127,KOTON,Koton Magazacilik Tekstil Sanayi,Istanbul,Consumer Cyclicals,Specialty Retailers,TRY 18.32B,9.6x,,TRY 22.40,1.4%
128,VAKKO,Vakko,Istanbul,Consumer Cyclicals,Textiles & Apparel,TRY 18.10B,8.1x,0.26,TRY 113.70,2.4%
129,YEOTK,Yeo Teknoloji Enerji ve Endustri AS,Istanbul,Industrials,Construction & Engineering,TRY 17.60B,32.2x,0.22,TRY 186,1.5%
130,ENTRA,Ic Enterra Yenilenebilir Enerji AS,Istanbul,,,TRY 17.14B,,,TRY 9.48,2.1%
131,OBAMS,Oba Makarnacilik Sanayi ve Ticaret,Istanbul,,,TRY 17.10B,11.7x,,TRY 36.32,1.9%
132,KORDS,Kordsa Global,Istanbul,Consumer Cyclicals,Automobiles & Auto Parts,TRY 17.08B,92.7x,-1.18,TRY 87.80,2.9%
133,KSTUR,Kustur Kusadasi,Istanbul,Consumer Cyclicals,Hotels & Entertainment Services,TRY 17.05B,106.7x,0.66,"TRY 4,147.50",6.4%
134,JANTS,Jantsa,Istanbul,Consumer Cyclicals,Automobiles & Auto Parts,TRY 17.02B,34.7x,4.83,TRY 24.30,1.2%
135,RALYH,Ral Yatirim,Istanbul,Industrials,Construction & Engineering,TRY 16.66B,57.3x,,TRY 274,5.8%
136,LILAK,Lila Kagit Sanayi ve Ticaret AS,Istanbul,Consumer Non-Cyclicals,Personal & Household Products & Services,TRY 16.38B,73.1x,,TRY 27.92,0.6%
137,KAYSE,Kayseri Seker Fabrikasi AS,Istanbul,Consumer Non-Cyclicals,Food & Tobacco,TRY 16.37B,4.8x,0.03,TRY 24.16,4.2%
138,GWIND,Galata Wind Enerji Anonim Sirket,Istanbul,Utilities,Electrical Utilities & IPPs,TRY 16.31B,30x,-0.51,TRY 31.68,4.9%
139,SDTTR,Sdt Uzay ve Savunma Teknolojileri,Istanbul,Industrials,Aerospace & Defense,TRY 16.15B,76.8x,0.17,TRY 280.50,0.7%
140,AVPGY,Avrupakent Gayrimenkul Yatirim,Istanbul,Real Estate,Real Estate Operations,TRY 16.12B,2.5x,-0.07,TRY 42.98,6.7%
141,NTHOL,Net Holding,Istanbul,Consumer Cyclicals,Hotels & Entertainment Services,TRY 15.87B,8x,-1.86,TRY 33.76,-1.2%
142,SRVGY,Servet GYO,Istanbul,Real Estate,Residential & Commercial REITs,TRY 15.86B,3.3x,-0.6,TRY 306.25,2.1%
143,AKSGY,Akis GYO,Istanbul,Real Estate,Residential & Commercial REITs,TRY 15.56B,5x,-0.13,TRY 19.80,7.3%
144,TETMT,Tetamat Gida Yatirimlari AS,Istanbul,Consumer Non-Cyclicals,Food & Tobacco,TRY 15.50B,157x,0.47,"TRY 14,000",-0.1%
145,OZKGY,Ozak GYO,Istanbul,Real Estate,Residential & Commercial REITs,TRY 15.42B,3.4x,-0.08,TRY 10.60,2.8%
146,YBTAS,Yibitas Yozgat,Istanbul,Basic Materials,Construction Materials,TRY 15.20B,60.6x,0.06,"TRY 148,000",-5.2%
147,KARSN,Karsan Otomotiv,Istanbul,Consumer Cyclicals,Automobiles & Auto Parts,TRY 15.16B,23.5x,0.04,TRY 16.84,10%
148,EGPRO,Ege Profil,Istanbul,Consumer Cyclicals,Homebuilding & Construction Supplies,TRY 14.96B,28.6x,0.51,TRY 185,1.7%
149,DEVA,Deva Holding,Istanbul,Healthcare,Pharmaceuticals,TRY 14.94B,3.7x,0,TRY 74.40,4.1%
150,SARKY,Sarkuysan,Istanbul,Industrials,"Machinery, Tools, Heavy Vehicles, Trains & Ships",TRY 14.85B,11.6x,0.32,TRY 29.76,2.6%
151,ISGYO,Is GYO,Istanbul,Real Estate,Residential & Commercial REITs,TRY 14.76B,5.8x,-0.08,TRY 15.31,5%
152,ALBRK,Albaraka Turk,Istanbul,Financials,Banking Services,TRY 14.55B,4x,0.03,TRY 5.81,1.4%
153,APYKS,Albaraka Turk,Istanbul,Financials,Banking Services,TRY 14.55B,4x,0.03,TRY 5.81,1.4%
154,GRSEL,GurSel Turizm Tasimacilik Ve,Istanbul,Industrials,Passenger Transportation Services,TRY 14.14B,9.5x,0.04,TRY 135.40,-2.3%
155,TMSN,Tumosan,Istanbul,Industrials,"Machinery, Tools, Heavy Vehicles, Trains & Ships",TRY 13.97B,20.2x,0.35,TRY 121.50,3.9%
156,FENER,Fenerbahce,Istanbul,Consumer Cyclicals,Hotels & Entertainment Services,TRY 13.78B,-177.8x,-4.07,TRY 139.70,6.6%
157,PASEU,Pasifik Eurasia Lojistik Dis,Istanbul,,,TRY 13.74B,56.1x,-0.85,TRY 81.10,-0.9%
158,ARASE,Dogu Aras Enerji Yatirimlari AS,Istanbul,Utilities,Electrical Utilities & IPPs,TRY 13.47B,3.3x,0,TRY 55,2%
159,ULUSE,Ulusoy Elektrik,Istanbul,Industrials,"Machinery, Tools, Heavy Vehicles, Trains & Ships",TRY 13.46B,-16x,0.03,TRY 168.50,0.4%
160,LIDER,LDR Turizm AS,Istanbul,Industrials,Passenger Transportation Services,TRY 13.41B,21.5x,-0.65,TRY 85.95,2.9%
161,AYCES,Altin Yunus,Istanbul,Consumer Cyclicals,Hotels & Entertainment Services,TRY 13.37B,-116.6x,0.02,TRY 532.50,-0.1%
162,CRFSA,CarrefourSA,Istanbul,Consumer Non-Cyclicals,Food & Drug Retailing,TRY 13.14B,14.1x,-0.47,TRY 102.80,4.9%
163,YYLGD,Yayla Agro Gida Sanayi ve Ticaret,Istanbul,Consumer Non-Cyclicals,Food & Tobacco,TRY 12.74B,26.4x,5.84,TRY 12.11,3.3%
164,IPEKE,Ipek Dogal,Istanbul,Energy,Oil & Gas,TRY 12.68B,78.8x,0.66,TRY 49.06,4.3%
165,ADEL,Adel,Istanbul,Industrials,Professional & Commercial Services,TRY 12.59B,28.9x,0.06,TRY 533.50,0.9%
166,LMKDC,Limak Dogu Anadolu Cimento Sanayi,Istanbul,,,TRY 12.58B,6.9x,,TRY 25.32,3.9%
167,TUKAS,Tukas Gida,Istanbul,Consumer Non-Cyclicals,Food & Tobacco,TRY 12.46B,9.3x,-5.66,TRY 8.43,0.2%
168,INGRM,Ingram Micro Bilisim,Istanbul,Technology,"Computers, Phones & Household Electronics",TRY 12.28B,667.8x,8.79,TRY 511,0.9%
169,IZENR,Izdemir Enerji Elektrik Uretim AS,Istanbul,Utilities,Electrical Utilities & IPPs,TRY 12.10B,26.8x,-0.27,TRY 21.46,2%
170,ICBCT,ICBC Turkey,Istanbul,Financials,Banking Services,TRY 11.98B,10.8x,-0.37,TRY 14,3.2%
171,GOKNR,Goknur Gida Maddeleri,Istanbul,Consumer Non-Cyclicals,Food & Tobacco,TRY 11.91B,12.4x,0.06,TRY 32.34,-5%
172,CANTE,Can2 Termik AS,Istanbul,Utilities,Electrical Utilities & IPPs,TRY 11.83B,-24.3x,0.25,TRY 1.72,1.8%
173,GRTRK,Grainturk Tarim AS,Istanbul,,,TRY 11.81B,15.2x,-1.02,TRY 95.95,1.5%
174,PATEK,Pasifik Donanim ve Yazilim Bilgi,Istanbul,,,TRY 11.77B,356.4x,,TRY 85.90,-2.2%
175,DAPGM,Dap Gayrimenkul Gelistirme AS,Istanbul,Real Estate,Real Estate Operations,TRY 11.64B,6.6x,2.3,TRY 4.74,0.4%
176,BERA,Bera,Istanbul,Consumer Non-Cyclicals,Consumer Goods Conglomerates,TRY 11.61B,3.7x,0.01,TRY 17,0.1%
177,KMPUR,Kimteks Poliuretan Sanayi ve,Istanbul,Basic Materials,Chemicals,TRY 11.57B,26.4x,0.01,TRY 48.44,1.8%
178,BUCIM,Bursa Cimento,Istanbul,Basic Materials,Metals & Mining,TRY 11.57B,4.3x,0,TRY 7.70,1.2%
179,OYYAT,Oyak Yatirim Menkul Degerler AS,Istanbul,Financials,Investment Banking & Investment Services,TRY 11.52B,8.6x,0.07,TRY 39.80,3.6%
180,KLKIM,Kalekim Kimyevi Maddeler Sanayi Ticaret AS,Istanbul,Basic Materials,Chemicals,TRY 11.50B,29.5x,1.14,TRY 25.02,0.1%
181,LOGO,Logo Yazilim,Istanbul,Technology,Software & IT Services,TRY 11.30B,320.1x,,TRY 113.20,3%
182,ALCAR,Alarko Carrier,Istanbul,Industrials,"Machinery, Tools, Heavy Vehicles, Trains & Ships",TRY 11.16B,-29.8x,0.12,"TRY 1,029",1.4%
183,BIENY,Bien Yapi Urunleri Sanayi Turizm,Istanbul,Consumer Cyclicals,Homebuilding & Construction Supplies,TRY 11.10B,-29.7x,0.15,TRY 31.18,1.4%
184,YGGYO,Yeni Gimat,Istanbul,Real Estate,Residential & Commercial REITs,TRY 11.02B,1.6x,0.08,TRY 45.96,0.1%
185,EUREN,Europen Endustri Insaat Sanayi Ve,Istanbul,Consumer Cyclicals,Homebuilding & Construction Supplies,TRY 10.86B,12.9x,0.15,TRY 14.45,1.1%
186,BOSSA,Bossa,Istanbul,Consumer Cyclicals,Textiles & Apparel,TRY 10.83B,9x,-0.23,TRY 16.59,0.9%
187,ODAS,ODAS Elektrik,Istanbul,Utilities,Electrical Utilities & IPPs,TRY 10.75B,2.8x,0.01,TRY 7.71,2.7%
188,KERVT,Kerevitas,Istanbul,Consumer Non-Cyclicals,Food & Tobacco,TRY 10.63B,18.9x,-0.3,TRY 15.90,5.2%
189,HRKET,Hareket Proje Tasimaciligi ve Yuk,Istanbul,Industrials,Freight & Logistics Services,TRY 10.52B,,,TRY 88.60,-3%
190,ATATP,Atp Ticari Bilgisayar Ağı ve Elektrik,Istanbul,Technology,Software & IT Services,TRY 10.43B,66.3x,0.06,TRY 112.30,0.9%
191,TATEN,Tatlipinar Enerji Uretim AS,Istanbul,,,TRY 10.26B,12x,-0.31,TRY 37.98,3.8%
192,HTTBT,Hitit Bilgisayar Hizmetleri AS,Istanbul,Technology,Software & IT Services,TRY 10.19B,47.2x,0.96,TRY 82.65,3.4%
193,SNGYO,Sinpas GYO,Istanbul,Real Estate,Residential & Commercial REITs,TRY 10.14B,9.6x,-0.12,TRY 7.12,1.7%
194,ODINE,Odine Solutions Teknoloji Ticaret,Istanbul,Technology,Software & IT Services,TRY 10.09B,50.2x,,TRY 92.80,1.6%
195,EFORC,Efor Cay Sanayi Tic,Istanbul,,,TRY 9.98B,,,TRY 26.80,-2.5%
196,SURGY,Sur Tatil Evleri Gayrimenkul,Istanbul,Real Estate,Real Estate Operations,TRY 9.91B,18.3x,,TRY 60.55,2.4%
197,BIOEN,Biotrend Cevre ve Enerji Yatirimlari AS,Istanbul,Utilities,Electrical Utilities & IPPs,TRY 9.83B,6.9x,0.27,TRY 20.10,2.2%
198,DOKTA,Doktas Dokumculuk Ticaret ve Sanayi AS,Istanbul,Basic Materials,Metals & Mining,TRY 9.82B,20.7x,,TRY 30.24,3.4%
199,DGGYO,Dogus GYO,Istanbul,Real Estate,Residential & Commercial REITs,TRY 9.75B,5.4x,-0.13,TRY 29.44,-0.1%
200,ADGYO,Adra Gayrimenkul Yatirim Ortakligi,Istanbul,Real Estate,Residential & Commercial REITs,TRY 9.70B,8.4x,1.1,TRY 33.04,0.1%
201,TARKM,Tarkim Bitki Koruma Sanayi ve,Istanbul,,,TRY 9.67B,-126.1x,0.97,TRY 477,3.6%
202,POLHO,Polisan Holding,Istanbul,Basic Materials,Chemicals,TRY 9.66B,9.7x,-0.19,TRY 12.74,2.9%
203,AKENR,Akenerji,Istanbul,Utilities,Electrical Utilities & IPPs,TRY 9.49B,2.5x,2.83,TRY 12.98,-5.9%
204,GOZDE,Gozde,Istanbul,Financials,Investment Banking & Investment Services,TRY 9.45B,7.6x,0.07,TRY 24.50,0.4%
205,KOPOL,Koza Polyester Sanayi ve Ticaret AS,Istanbul,Basic Materials,Chemicals,TRY 9.37B,23.9x,,TRY 44.38,2.3%
206,KTLEV,Katilimevim Tasarruf Finansman AS,Istanbul,Financials,Banking Services,TRY 9.36B,5.5x,0.01,TRY 51.70,-0.6%
207,SNPAM,Sonmez Pamuklu,Istanbul,Consumer Cyclicals,Textiles & Apparel,TRY 9.33B,78.8x,0.52,TRY 71.75,-0.2%
208,GLYHO,Global Yatirim,Istanbul,Financials,Investment Holding Companies,TRY 9.27B,4.5x,0.07,TRY 14.27,1.2%
209,EKOS,Ekos Teknoloji ve Elektrik AS,Istanbul,,,TRY 9.25B,56x,0.07,TRY 33.28,0.8%
210,MEGMT,Mega Metal Sanayi ve Ticaret AS,Istanbul,,,TRY 9.18B,35.4x,0.14,TRY 36.64,5.7%
211,AKGRT,AK Sigorta,Istanbul,Financials,Insurance,TRY 9.03B,7.9x,,TRY 5.62,2.7%
212,BOBET,Bogazici Beton Sanayi ve Ticaret AS,Istanbul,Basic Materials,Construction Materials,TRY 8.90B,9x,0.06,TRY 24.30,3.8%
213,AKMGY,Akmerkez GYO,Istanbul,Real Estate,Residential & Commercial REITs,TRY 8.86B,17x,-0.28,TRY 237.70,5.8%
214,TSGYO,TSKB GYO,Istanbul,Real Estate,Residential & Commercial REITs,TRY 8.85B,24x,-0.38,TRY 13.64,0.9%
215,AKFGY,Akfen GYO,Istanbul,Real Estate,Residential & Commercial REITs,TRY 8.81B,6.1x,-0.15,TRY 2.26,4.6%
216,SUNTK,Sun Tekstil Sanayi ve Ticaret AS,Istanbul,Consumer Cyclicals,Textiles & Apparel,TRY 8.74B,98.2x,-1.56,TRY 18.99,3.2%
217,GARFA,Garanti Faktoring,Istanbul,Financials,Banking Services,TRY 8.71B,6.9x,0.09,TRY 21.90,0%
218,INVEO,Inveo Yatirim,Istanbul,Financials,Investment Holding Companies,TRY 8.68B,6.2x,0.01,TRY 8.69,1.6%
219,KBORU,Kuzey Boru AS,Istanbul,,,TRY 8.56B,26.8x,,TRY 86.40,1%
220,HLGYO,Halk GYO,Istanbul,Real Estate,Real Estate Operations,TRY 8.55B,4.8x,-0.09,TRY 2.73,2.3%
221,BJKAS,Besiktas,Istanbul,Consumer Cyclicals,Hotels & Entertainment Services,TRY 8.40B,-1.3x,0.05,TRY 7.01,1.2%
222,IZMDC,IDC,Istanbul,Basic Materials,Metals & Mining,TRY 8.39B,-7.6x,0.06,TRY 5.58,1.8%
223,AYEN,Ayen Enerji,Istanbul,Utilities,Electrical Utilities & IPPs,TRY 8.35B,9.2x,-0.14,TRY 30.06,1.5%
224,ISFIN,Is Finansal Kiralama,Istanbul,Financials,Banking Services,TRY 8.35B,4.4x,0.05,TRY 12.04,2.1%
225,ALVES,Alves Kablo Sanayi ve Ticaret AS,Istanbul,,,TRY 8.31B,32x,0.48,TRY 51.60,-0.7%
226,TUREX,Tureks Turizm Tasimacilik AS,Istanbul,Industrials,Passenger Transportation Services,TRY 8.23B,16.7x,0.02,TRY 75.60,-1.3%
227,GSRAY,GS Sportif,Istanbul,Consumer Cyclicals,Hotels & Entertainment Services,TRY 8.22B,39.6x,0.42,TRY 7.60,1.3%
228,GOLTS,Goltas Cimento,Istanbul,Basic Materials,Construction Materials,TRY 8.20B,4.6x,0.07,TRY 457,4.1%
229,NATEN,Naturel Enerji,Istanbul,Energy,Renewable Energy,TRY 8.10B,19.7x,0.22,TRY 49.20,0.2%
230,HEDEF,Hedef Holdings AS,Istanbul,Financials,Investment Banking & Investment Services,TRY 8.08B,-92x,0.67,TRY 21.58,0%
231,PRKAB,Turk Prysmian,Istanbul,Industrials,"Machinery, Tools, Heavy Vehicles, Trains & Ships",TRY 8.07B,-56.5x,-1.44,TRY 37.34,5.9%
232,QUAGR,Qua Granite Hayal,Istanbul,Consumer Cyclicals,Homebuilding & Construction Supplies,TRY 8B,-32.8x,0.28,TRY 3.07,1.3%
233,TEZOL,Europap Tezol Kagit Sanayi Ve Ticaret AS,Istanbul,Basic Materials,Paper & Forest Products,TRY 7.92B,38.9x,-0.69,TRY 18.01,0.1%
234,ASGYO,Asce Gayrimenkul Yatirim Ortakligi,Istanbul,Real Estate,Real Estate Operations,TRY 7.83B,3.1x,0.01,TRY 12.38,4.2%
235,TNZTP,Tapdi Oksijen Ozel Saglik Egitim,Istanbul,Healthcare,Healthcare Providers & Services,TRY 7.76B,6.1x,0.06,TRY 62.50,3.1%
236,PARSN,Parsan,Istanbul,Consumer Cyclicals,Automobiles & Auto Parts,TRY 7.73B,31.6x,-0.47,TRY 100.20,1.5%
237,ERCB,Erciyas Celik Boru Sanayi AS,Istanbul,Basic Materials,Metals & Mining,TRY 7.68B,94.1x,-1.71,TRY 103,4.4%
238,BASCM,Bastas,Istanbul,Basic Materials,Construction Materials,TRY 7.59B,7.8x,0.01,TRY 11.72,-0.3%
239,PSGYO,Pasifik Gayrimenkul Yatirim Ortakligi AS,Istanbul,Real Estate,Real Estate Operations,TRY 7.58B,4.1x,-0.08,TRY 1.59,0.6%
240,ONRYT,Onur Yuksek Teknoloji AS,Istanbul,,,TRY 7.33B,,,TRY 106.70,-8.5%
241,SKBNK,Sekerbank,Istanbul,Financials,Banking Services,TRY 7.29B,2.1x,0.1,TRY 3.93,3.4%
242,KZBGY,Kizilbuk Gayrimenkul Yatirim Ortakligi AS,Istanbul,Real Estate,Residential & Commercial REITs,TRY 7.02B,-4.6x,0.03,TRY 23.90,2.1%
243,KARTN,Kartonsan,Istanbul,Basic Materials,Containers & Packaging,TRY 7.01B,-9.7x,0.03,TRY 93.90,3.8%
244,GEDIK,Gedik Yatirim,Istanbul,Financials,Investment Banking & Investment Services,TRY 6.80B,12.5x,0.02,TRY 13.90,3%
245,BORSK,Bor Seker AS,Istanbul,,,TRY 6.77B,7x,-1.26,TRY 29.66,5.1%
246,ATAKP,Atakey Patates Gida Sanayi ve,Istanbul,Consumer Non-Cyclicals,Food & Tobacco,TRY 6.74B,26.5x,-0.3,TRY 49.16,1.2%
247,EBEBK,Ebebek Magazacilik AS,Istanbul,,,TRY 6.74B,23.8x,,TRY 43.34,3%
248,SUWEN,Suwen Tekstil Sanayi Pazarlama AS,Istanbul,Consumer Cyclicals,Textiles & Apparel,TRY 6.72B,15.1x,0.37,TRY 30.60,2%
249,MAALT,Marmaris Altinyunus,Istanbul,Consumer Cyclicals,Hotels & Entertainment Services,TRY 6.58B,-144x,,TRY 938,1.1%
250,PLTUR,Platform Turizm Tasimacilik Gida,Istanbul,Industrials,Passenger Transportation Services,TRY 6.54B,357.2x,-5.09,TRY 25.42,-4.9%
251,TRCAS,Turcas Petrol,Istanbul,Utilities,Electrical Utilities & IPPs,TRY 6.48B,11.2x,0.03,TRY 25.32,1.8%
252,DYOBY,DYO Boya,Istanbul,Basic Materials,Chemicals,TRY 6.46B,24.1x,-2.6,TRY 63.85,7.5%
253,ALGYO,Alarko GYO,Istanbul,Real Estate,Residential & Commercial REITs,TRY 6.45B,4.1x,0.12,TRY 46.80,1.2%
254,KONKA,Konya Kagit Sanayi ve Ticaret AS,Istanbul,Basic Materials,Paper & Forest Products,TRY 6.41B,21.1x,0.06,TRY 48.12,-2.4%
255,LINK,Link Bilgisayar,Istanbul,Technology,Software & IT Services,TRY 6.39B,581.2x,3.11,TRY 578,-0.3%
256,BORLS,Borlease Otomotiv AS,Istanbul,Industrials,Passenger Transportation Services,TRY 6.37B,14.5x,,TRY 40.64,7.6%
257,KLGYO,Kiler GYO,Istanbul,Real Estate,Residential & Commercial REITs,TRY 6.35B,3x,-0.11,TRY 4.54,-0.7%
258,SONME,Sonmez Filament,Istanbul,Basic Materials,Chemicals,TRY 6.15B,70x,0.19,TRY 82.50,0.1%
259,PENTA,Penta Teknoloji Urunleri Dagitim Ticaret AS,Istanbul,Technology,"Computers, Phones & Household Electronics",TRY 6.12B,25.4x,-7.39,TRY 15.42,-0.8%
260,ARDYZ,Ard Grup Bilisim,Istanbul,Technology,Software & IT Services,TRY 6.12B,16.1x,0.05,TRY 36.40,1.2%
261,TKNSA,Teknosa,Istanbul,Consumer Cyclicals,Specialty Retailers,TRY 6.09B,16.7x,-0.33,TRY 30.30,2.6%
262,KRVGD,Kervan Gıda,Istanbul,Consumer Non-Cyclicals,Food & Tobacco,TRY 5.94B,17.5x,0.01,TRY 2.82,2.5%
263,AFYON,Afyon Cimento,Istanbul,Basic Materials,Construction Materials,TRY 5.90B,5.5x,0.01,TRY 14.77,-1.6%
264,ORMA,Orma,Istanbul,Basic Materials,Paper & Forest Products,TRY 5.90B,17x,-0.34,TRY 217,0.3%
265,YAPRK,Yaprak Sut,Istanbul,Consumer Non-Cyclicals,Food & Tobacco,TRY 5.88B,345.4x,-3.7,TRY 414,3.4%
266,INDES,Indeks,Istanbul,Technology,"Computers, Phones & Household Electronics",TRY 5.84B,9.1x,0.01,TRY 7.80,2.6%
267,MERIT,Merit Turizm,Istanbul,Consumer Cyclicals,Hotels & Entertainment Services,TRY 5.76B,33.5x,0.02,TRY 204,-6.2%
268,EGGUB,Ege Gubre,Istanbul,Basic Materials,Chemicals,TRY 5.68B,15.9x,-0.2,TRY 56.95,0.1%
269,ORGE,Orge,Istanbul,Industrials,Construction & Engineering,TRY 5.66B,27.2x,-22.34,TRY 73,3.6%
270,AZTEK,Aztek Teknoloji Urunleri Ticaret AS,Istanbul,Technology,"Computers, Phones & Household Electronics",TRY 5.65B,34.2x,-1.76,TRY 57.40,0.7%
271,TSPOR,Trabzonspor Sportif,Istanbul,Consumer Cyclicals,Hotels & Entertainment Services,TRY 5.63B,-4.1x,-0.14,TRY 2.24,-0.9%
272,VKGYO,Vakif GYO,Istanbul,Real Estate,Residential & Commercial REITs,TRY 5.63B,4.3x,-0.12,TRY 1.90,2.2%
273,VAKFN,Vakif Leasing,Istanbul,Industrials,Professional & Commercial Services,TRY 5.58B,2.4x,-0.45,TRY 2.80,2.2%
274,KAREL,Karel,Istanbul,Technology,Communications & Networking,TRY 5.55B,83.6x,0.68,TRY 13.77,2.4%
275,OFSYM,Ofis Yem Gida Sanayi Ticaret AS,Istanbul,Consumer Non-Cyclicals,Food & Tobacco,TRY 5.52B,88.7x,-0.78,TRY 39.02,3.4%
276,GLCVY,Gelecek Varlik Yonetimi AS,Istanbul,Financials,Investment Banking & Investment Services,TRY 5.52B,5.9x,0.05,TRY 39.06,-1.1%
277,GIPTA,Gipta Ofis Kirtasiye Ve Promosyon,Istanbul,Industrials,Professional & Commercial Services,TRY 5.50B,157.2x,-3.99,TRY 41.94,0.7%
278,ULUUN,Ulusoy Un,Istanbul,Consumer Non-Cyclicals,Food & Tobacco,TRY 5.41B,-18.3x,0.16,TRY 7.27,4.8%
279,BARMA,Barem Ambalaj Sanayi Ve Ticaret AS,Istanbul,Basic Materials,Containers & Packaging,TRY 5.29B,34.8x,0,TRY 19.81,-1.7%
280,DESA,Desa,Istanbul,Consumer Cyclicals,Textiles & Apparel,TRY 5.28B,7.8x,0,TRY 21.64,1.3%
281,ESEN,Esenboga Elektrik,Istanbul,Energy,Renewable Energy,TRY 5.21B,11x,0.06,TRY 20,-0.1%
282,CEMTS,Cemtas,Istanbul,Basic Materials,Metals & Mining,TRY 5.18B,24.3x,-3.39,TRY 10.37,1%
283,KUYAS,Kuyas Yatirim AS,Istanbul,Real Estate,Real Estate Operations,TRY 5.18B,-234.7x,2.02,TRY 55,3.9%
284,MEDTR,Meditera Tibbi Malzeme Sanayi ve Ticaret AS,Istanbul,Healthcare,Healthcare Equipment & Supplies,TRY 5.12B,47.6x,0.04,TRY 44.50,3.5%
285,SOKE,Soke Degirmencilik Sanayi ve,Istanbul,Consumer Non-Cyclicals,Food & Tobacco,TRY 4.98B,-21.3x,0.14,TRY 13.65,5.9%
286,NETAS,Netas Telekom,Istanbul,Technology,Communications & Networking,TRY 4.98B,48.9x,0.18,TRY 76.70,10%
287,ALKIM,Alkim Kimya,Istanbul,Basic Materials,Paper & Forest Products,TRY 4.96B,19.6x,0.02,TRY 33.10,3.4%
288,USAK,Usak Seramik,Istanbul,Consumer Cyclicals,Homebuilding & Construction Supplies,TRY 4.90B,39x,2.09,TRY 19.97,-1.1%
289,MOBTL,Mobiltel İletişim Hizmetleri,Istanbul,Consumer Cyclicals,Specialty Retailers,TRY 4.89B,20.1x,2.55,TRY 4.92,3.1%
290,PEHOL,Pera GYO,Istanbul,Real Estate,Residential & Commercial REITs,TRY 4.84B,9.9x,0.52,TRY 34,0.5%
291,HOROZ,Horoz Lojistik Kargo Hizmetleri ve,Istanbul,,,TRY 4.81B,,,TRY 53,-0.4%
292,CMBTN,Cimbeton,Istanbul,Basic Materials,Construction Materials,TRY 4.80B,51.4x,1.01,"TRY 2,722.50",-0.3%
293,GOODY,Goodyear Lastikleri,Istanbul,Consumer Cyclicals,Automobiles & Auto Parts,TRY 4.74B,-5.4x,0.07,TRY 17.57,2.6%
294,ALKA,Alkim Kagit,Istanbul,Basic Materials,Paper & Forest Products,TRY 4.72B,50.6x,-0.72,TRY 25.54,1.8%
295,ISSEN,Isbir Sentetik Dokuma Sanayi AS,Istanbul,Consumer Cyclicals,Textiles & Apparel,TRY 4.50B,3.2x,0.03,TRY 10.74,1.9%
296,PAPIL,Papilon Guvenlik,Istanbul,Technology,Electronic Equipment & Parts,TRY 4.50B,132.6x,0.19,TRY 133,0.9%
297,OSMEN,Osmanli Menkul Degerler,Istanbul,Financials,Investment Banking & Investment Services,TRY 4.48B,9.8x,-2.02,TRY 11.29,8.6%
298,ALCTL,Alcatel Lucent,Istanbul,Technology,Communications & Networking,TRY 4.47B,-221.2x,1.78,TRY 116.10,8.1%
299,DOBUR,Dogan Burda,Istanbul,Consumer Cyclicals,Media & Publishing,TRY 4.46B,"-3,180x",-33.63,TRY 227,3.2%
300,INTEK,Innosa Teknoloji AS,Istanbul,Basic Materials,Chemicals,TRY 4.37B,997.3x,-11.53,TRY 523,-2.7%
301,SAYAS,Say Yenilenebilir Enerji Ekipmanları,Istanbul,Energy,Renewable Energy,TRY 4.35B,27.9x,0.8,TRY 56.45,2.4%
302,YATAS,Yatas,Istanbul,Consumer Cyclicals,Household Goods,TRY 4.28B,15.9x,-0.24,TRY 29.80,3.1%
303,INTEM,Intema,Istanbul,Consumer Cyclicals,Specialty Retailers,TRY 4.25B,75.4x,-1.1,TRY 222.30,1.9%
304,PNLSN,Panelsan Cati Cephe Sistemleri,Istanbul,Consumer Cyclicals,Homebuilding & Construction Supplies,TRY 4.25B,28.9x,0.49,TRY 58.40,3.1%
305,IEYHO,Isiklar Enerji,Istanbul,Financials,Investment Holding Companies,TRY 4.19B,14.4x,0.03,TRY 7.71,-0.9%
306,PAGYO,Panora GYO,Istanbul,Real Estate,Residential & Commercial REITs,TRY 4.16B,1.5x,0.03,TRY 48.16,1%
307,FZLGY,Fuzul Gayrimenkul Yatirim,Istanbul,Real Estate,Real Estate Operations,TRY 4.12B,89.6x,-0.96,TRY 13.60,4.9%
308,FMIZP,Federal Mogul,Istanbul,Consumer Cyclicals,Automobiles & Auto Parts,TRY 4.12B,62x,4.01,TRY 288.50,3.8%
309,ARENA,Arena Bilgisayar,Istanbul,Technology,Integrated Hardware & Software,TRY 4.11B,26.2x,3.16,TRY 41.12,0.1%
310,NTGAZ,Naturelgaz Sanayi ve Ticaret AS,Istanbul,Energy,Oil & Gas Related Equipment and Services,TRY 4.10B,18.8x,-0.23,TRY 6,1%
311,TURGG,Turker Proje,Istanbul,Real Estate,Real Estate Operations,TRY 4.04B,26.5x,-0.48,TRY 569,1.3%
312,KZGYO,Kuzugrup Gayrimenkul Yatirim,Istanbul,Real Estate,Real Estate Operations,TRY 4B,406.5x,-35.31,TRY 20.28,1.4%
313,TRILC,Turk Ilac ve Serum Sanayi AS,Istanbul,Healthcare,Pharmaceuticals,TRY 3.97B,57.3x,1.28,TRY 26.96,10%
314,YUNSA,Yunsa,Istanbul,Consumer Cyclicals,Textiles & Apparel,TRY 3.94B,6.9x,0.59,TRY 8.18,2%
315,ATEKS,Akin Tekstil,Istanbul,Consumer Cyclicals,Textiles & Apparel,TRY 3.92B,-38x,0.26,TRY 155.60,-0.9%
316,ARTMS,Artemis Hali AS,Istanbul,Consumer Cyclicals,Household Goods,TRY 3.91B,-513.4x,,TRY 57,2%
317,EKSUN,Eksun Gida Tarim,Istanbul,Consumer Non-Cyclicals,Food & Tobacco,TRY 3.90B,-12.8x,0.03,TRY 6.67,2.6%
318,ELITE,Elite Naturel Organik Gida Sanayi ve Ticaret AS,Istanbul,Consumer Non-Cyclicals,Food & Tobacco,TRY 3.90B,16.1x,0.06,TRY 30.20,0.5%
319,KAPLM,Kaplamin Ambalaj,Istanbul,Basic Materials,Containers & Packaging,TRY 3.87B,-62.1x,0.19,TRY 195.10,2.2%
320,ARSAN,Arsan Tekstil,Istanbul,Consumer Cyclicals,Textiles & Apparel,TRY 3.87B,9.1x,3.85,TRY 18.95,1.3%
321,MHRGY,Mhr Gayrimenkul Yatirim Ortakligi,Istanbul,Real Estate,Real Estate Operations,TRY 3.75B,161.9x,0.65,TRY 4.59,1.1%
322,FORTE,Forte Bilgi Iletisim Teknolojileri,Istanbul,Technology,Software & IT Services,TRY 3.75B,-104.4x,0.82,TRY 58.20,3.9%
323,DGNMO,Doganlar Mobilya Grubu,Istanbul,Consumer Cyclicals,Household Goods,TRY 3.74B,7.2x,-0.46,TRY 10.77,1.9%
324,IZFAS,Izmir Firca,Istanbul,Consumer Non-Cyclicals,Personal & Household Products & Services,TRY 3.74B,-158.4x,12.98,TRY 63.30,0.5%
325,SNICA,Sanica Isi Sanayi AS,Istanbul,Industrials,"Machinery, Tools, Heavy Vehicles, Trains & Ships",TRY 3.73B,13.5x,0.22,TRY 6.34,1.9%
326,PNSUT,Pinar Sut Mamulleri,Istanbul,Consumer Non-Cyclicals,Food & Tobacco,TRY 3.70B,18.2x,-0.34,TRY 82.15,0.5%
327,BRLSM,Birleşim Mühendislik Isıtma Soğutma,Istanbul,Industrials,Construction & Engineering,TRY 3.70B,-23.6x,-2.43,TRY 17.17,4.1%
328,SANKO,Sanko Pazarlama,Istanbul,Consumer Cyclicals,Textiles & Apparel,TRY 3.68B,8.9x,0.04,TRY 24.24,0.4%
329,ERBOS,ERBOSAN,Istanbul,Basic Materials,Metals & Mining,TRY 3.67B,-22.7x,0.17,TRY 183.40,1.6%
330,GSDHO,GSD Holding,Istanbul,Industrials,Freight & Logistics Services,TRY 3.66B,-1.7x,-0.03,TRY 3.66,1.7%
331,PEKGY,Peker Gayrimenkul Yatirim Ortakligi,Istanbul,Real Estate,Real Estate Operations,TRY 3.61B,13.7x,0.01,TRY 5.43,0.7%
332,BMSTL,Bms Birlesik Metal Sanayi ve,Istanbul,Basic Materials,Metals & Mining,TRY 3.56B,328.5x,-3.88,TRY 47.68,-2.7%
333,MNDRS,Menderes Tekstil,Istanbul,Consumer Cyclicals,Textiles & Apparel,TRY 3.56B,9.4x,-0.11,TRY 12.83,-1.2%
334,PETUN,Pinar Et Ve Un,Istanbul,Consumer Non-Cyclicals,Food & Tobacco,TRY 3.53B,8.5x,2.85,TRY 81.35,1.1%
335,BIGCH,Buyuk Sefler Gida Turizm Tekstil,Istanbul,Consumer Cyclicals,Hotels & Entertainment Services,TRY 3.53B,15.2x,-0.42,TRY 33.32,0.9%
336,A1CAP,A1 Capital Yatirim Menkul Degerler,Istanbul,Financials,Investment Banking & Investment Services,TRY 3.51B,49.9x,-0.51,TRY 26.38,1.5%
337,DARDL,Dardanel Onentas,Istanbul,Consumer Non-Cyclicals,Food & Tobacco,TRY 3.50B,17.8x,0.08,TRY 5.97,4.4%
338,MEKAG,Meka Beton Santralleri,Istanbul,,,TRY 3.50B,31.5x,,TRY 55.60,-0.7%
339,ANELE,Anel Elektrik,Istanbul,Industrials,Construction & Engineering,TRY 3.49B,-16.5x,0.13,TRY 13.16,-6.2%
340,ISBIR,Isbir Holding,Istanbul,Financials,Investment Holding Companies,TRY 3.48B,21.5x,0.13,TRY 108,0.9%
341,BVSAN,Bulbuloglu Vinc Sanayi ve Ticaret,Istanbul,Industrials,"Machinery, Tools, Heavy Vehicles, Trains & Ships",TRY 3.47B,15.1x,1,TRY 95.50,3.5%
342,LKMNH,Lokman Hekim,Istanbul,Healthcare,Healthcare Providers & Services,TRY 3.43B,10.1x,-2.55,TRY 95.65,0.7%
343,HUNER,Hun Yenilenebilir Enerji Uretim AS,Istanbul,Utilities,Electrical Utilities & IPPs,TRY 3.42B,71.3x,5.03,TRY 3.48,1.8%
344,KATMR,Katmerciler,Istanbul,Industrials,"Machinery, Tools, Heavy Vehicles, Trains & Ships",TRY 3.41B,13.9x,0.05,TRY 3.18,1.9%
345,PAMEL,Pamel Yenilenebilir Elektrik Uretim AS,Istanbul,Utilities,Electrical Utilities & IPPs,TRY 3.31B,37.6x,-0.14,TRY 106.80,2.7%
346,ONCSM,Oncosem Onkolojik Sistemler Sanayi,Istanbul,Healthcare,Healthcare Equipment & Supplies,TRY 3.28B,-34.4x,0.37,TRY 151.20,10%
347,SEGYO,Seker Gayrimenkul Yatirim,Istanbul,Real Estate,Real Estate Operations,TRY 3.23B,1.1x,-0.09,TRY 4.06,1.8%
348,TATGD,Tat Gida Sanayi,Istanbul,Consumer Non-Cyclicals,Food & Tobacco,TRY 3.22B,-9.4x,0.03,TRY 24.10,2%
349,ESCOM,Escort,Istanbul,Financials,Investment Banking & Investment Services,TRY 3.20B,5.2x,0.01,TRY 63.95,10%
350,KTSKR,Kutahya Seker Fabrikasi AS,Istanbul,Consumer Non-Cyclicals,Food & Tobacco,TRY 3.19B,13.9x,-0.51,TRY 71.10,2.7%
351,KUTPO,Kutahya Porselen,Istanbul,Consumer Cyclicals,Household Goods,TRY 3.19B,21.4x,0.09,TRY 80,3%
352,MARBL,Tureks Turunc Madencilik Ic ve Dis,Istanbul,Consumer Cyclicals,Homebuilding & Construction Supplies,TRY 3.19B,20x,-1.45,TRY 14.23,1.9%
353,BAGFS,Bagfas,Istanbul,Basic Materials,Chemicals,TRY 3.19B,-1.9x,0,TRY 23.96,4.1%
354,VBTYZ,Vbt Yazilim AS,Istanbul,Technology,Software & IT Services,TRY 3.17B,32.4x,0,TRY 27.80,2.7%
355,PRKME,Park Elektrik,Istanbul,Basic Materials,Metals & Mining,TRY 3.14B,6.5x,0.03,TRY 20.68,3.4%
356,CEMAS,Cemas,Istanbul,Basic Materials,Metals & Mining,TRY 3.10B,-8.6x,-0.31,TRY 3.92,1.3%
357,DCTTR,Dct Trading Dis Ticaret AS,Istanbul,,,TRY 3.07B,,,TRY 22.94,-2.7%
358,MAKIM,Makim Makina Teknolojileri Sanayi,Istanbul,Industrials,"Machinery, Tools, Heavy Vehicles, Trains & Ships",TRY 3.04B,26.3x,0.13,TRY 28.78,6.2%
359,IHAAS,Ihlas Haber Ajansi AS,Istanbul,Industrials,Professional & Commercial Services,TRY 3.02B,-33.6x,-1.99,TRY 18.48,-0.1%
360,BIZIM,Bizim,Istanbul,Consumer Non-Cyclicals,Food & Drug Retailing,TRY 2.99B,-12.1x,0.09,TRY 36.86,-5.1%
361,OZYSR,Ozyasar Tel ve Galvanizleme Sanayi,Istanbul,,,TRY 2.98B,,,TRY 28.46,-1.5%
362,ANGEN,Anatolia Tanı ve Biyoteknoloji,Istanbul,Healthcare,Biotechnology & Medical Research,TRY 2.96B,-38.1x,-0.49,TRY 14.79,10%
363,GEREL,Gersan,Istanbul,Industrials,"Machinery, Tools, Heavy Vehicles, Trains & Ships",TRY 2.94B,-575.3x,4.69,TRY 36.70,4.6%
364,VRGYO,Vera Konsept Gayrimenkul Yatirim,Istanbul,Real Estate,Real Estate Operations,TRY 2.93B,7.4x,0.07,TRY 3.60,0.8%
365,CELHA,Celik Halat,Istanbul,Basic Materials,Metals & Mining,TRY 2.93B,34x,0.4,TRY 35.30,-3.9%
366,SANFM,Sanifoam,Istanbul,Basic Materials,Chemicals,TRY 2.87B,47x,3.28,TRY 96,5.8%
367,ENSRI,Ensari Deri Gida Sanayi ve Ticaret,Istanbul,Consumer Cyclicals,Textiles & Apparel,TRY 2.83B,11.1x,0.03,TRY 23.30,-3.7%
368,LUKSK,Luks Kadife,Istanbul,Consumer Cyclicals,Textiles & Apparel,TRY 2.83B,17.5x,0.25,TRY 98.55,0.9%
369,FONET,Fonet Bilgi,Istanbul,Healthcare,Healthcare Equipment & Supplies,TRY 2.78B,16.8x,0.01,TRY 19.23,-1.7%
370,DMRGD,Dmr Unlu Mamuller Uretim Gida Toptan Perakende Ihr,Istanbul,Consumer Non-Cyclicals,Food & Tobacco,TRY 2.76B,19.2x,,TRY 15.30,2.7%
371,BEGYO,Bati Ege Gayrimenkul Yatirim,Istanbul,Real Estate,Real Estate Operations,TRY 2.75B,106.9x,-1.06,TRY 3.44,2.1%
372,BRKVY,Birikim Varlik Yonetim AS,Istanbul,Financials,Banking Services,TRY 2.75B,10.2x,0.13,TRY 50.05,1.8%
373,ALKLC,Altinkilic Gida ve Sut Sanayi Ticaret AS,Istanbul,,,TRY 2.74B,,,TRY 26.86,10%
374,BAKAB,Bak Ambalaj,Istanbul,Basic Materials,Containers & Packaging,TRY 2.73B,29.7x,0.86,TRY 38.06,2.2%
375,IMASM,Imas Makina Sanayi AS,Istanbul,Industrials,"Machinery, Tools, Heavy Vehicles, Trains & Ships",TRY 2.70B,72.4x,,TRY 11.83,1.3%
376,EGSER,Ege Seramik,Istanbul,Consumer Cyclicals,Homebuilding & Construction Supplies,TRY 2.70B,-18.8x,-0.34,TRY 3.74,2.5%
377,ISKPL,Isik Plastik Sanayi ve Dis Ticaret Pazarlama AS,Istanbul,Basic Materials,Chemicals,TRY 2.68B,31.2x,0.23,TRY 12.98,2.9%
378,NUGYO,Nurol GYO,Istanbul,Real Estate,Residential & Commercial REITs,TRY 2.63B,3.2x,0.07,TRY 7.80,2.1%
379,MTRKS,Matriks Bilgi Dagitim Hizmetleri AS,Istanbul,Technology,Financial Technology (Fintech) & Infrastructure,TRY 2.62B,27.1x,-0.79,TRY 47,5.2%
380,EDATA,EData Teknoloji Pazarlama AS,Istanbul,Technology,Software & IT Services,TRY 2.60B,80.8x,0.14,TRY 17.80,5.5%
381,UNLU,Unlu Yatirim Holding AS,Istanbul,Financials,Investment Banking & Investment Services,TRY 2.58B,41.7x,0.19,TRY 14.90,0.8%
382,BEYAZ,Beyaz Filo,Istanbul,Financials,Banking Services,TRY 2.58B,62.2x,0.34,TRY 25.94,0.9%
383,KNFRT,Konfrut,Istanbul,Consumer Non-Cyclicals,Food & Tobacco,TRY 2.57B,24.8x,0.07,TRY 9.70,1.5%
384,TERA,Tera Yatirim Menkul Degerler AS,Istanbul,Financials,Investment Banking & Investment Services,TRY 2.53B,6.1x,0.01,TRY 16.85,5%
385,GENTS,Gentas,Istanbul,Consumer Cyclicals,Household Goods,TRY 2.51B,13x,0.06,TRY 8.37,2.1%
386,MERCN,Mercan Kimya Sanayi ve Ticaret AS,Istanbul,Basic Materials,Chemicals,TRY 2.48B,13.3x,0.01,TRY 13.30,2.1%
387,EGEPO,Nasmed Ozel Saglik Hizmetleri Ticaret AS,Istanbul,Healthcare,Healthcare Providers & Services,TRY 2.38B,38.9x,-1.99,TRY 19.92,4.8%
388,HURGZ,Hurriyet Gazete,Istanbul,Consumer Cyclicals,Media & Publishing,TRY 2.38B,-3.5x,0.06,TRY 4.02,0.2%
389,BLCYT,Bilici Yatirim,Istanbul,Consumer Cyclicals,Textiles & Apparel,TRY 2.37B,-90.1x,1.04,TRY 23.30,-0.7%
390,OZSUB,Ozsu Balik Uretim AS,Istanbul,Consumer Non-Cyclicals,Food & Tobacco,TRY 2.34B,44.6x,0.13,TRY 39.20,0.3%
391,INFO,Info Yatirim,Istanbul,Financials,Investment Banking & Investment Services,TRY 2.32B,7.9x,-0.17,TRY 10.14,3.1%
392,KLSYN,Koleksiyon Mobilya Sanayi AS,Istanbul,Consumer Cyclicals,Household Goods,TRY 2.32B,66.6x,-3.26,TRY 5.25,-2.2%
393,HKTM,Hidropar Hareket Kontrol,Istanbul,Industrials,Construction & Engineering,TRY 2.31B,38.9x,0.39,TRY 20.82,-5.4%
394,YKSLN,Yukselen Celik,Istanbul,Basic Materials,Metals & Mining,TRY 2.31B,-20.7x,0.1,TRY 9.30,0.8%
395,OTTO,Otto Holding AS,Istanbul,Financials,Investment Holding Companies,TRY 2.31B,"1,930x",-19.41,TRY 302.50,0.8%
396,YGYO,Yesil GYO,Istanbul,Real Estate,Residential & Commercial REITs,TRY 2.30B,1.9x,-0.03,TRY 9.76,1.1%
397,GZNMI,Gezinomi Seyahat Turizm Ticaret AS,Istanbul,Consumer Cyclicals,Hotels & Entertainment Services,TRY 2.29B,-24.8x,0.28,TRY 37.28,5.8%
398,CONSE,Consus Enerji Isletmeciligi ve,Istanbul,Utilities,Electrical Utilities & IPPs,TRY 2.24B,9.4x,0.05,TRY 2.96,1.7%
399,VERTU,Verusaturk,Istanbul,Financials,Investment Banking & Investment Services,TRY 2.22B,-1.1x,0,TRY 42.70,1.5%
400,MNDTR,Mondi Turkey,Istanbul,Basic Materials,Containers & Packaging,TRY 2.21B,-2.5x,0.01,TRY 6.32,3.8%
401,MACKO,Mackolik Internet Hizmetleri,Istanbul,Technology,Software & IT Services,TRY 2.20B,,,TRY 88.80,0.9%
402,LRSHO,Loras Holding AS,Istanbul,Consumer Non-Cyclicals,Food & Drug Retailing,TRY 2.19B,11.3x,0.12,TRY 2.83,-5.7%
403,SUMAS,Sumas Suni Tahta,Istanbul,Basic Materials,Paper & Forest Products,TRY 2.18B,-28.4x,-1.18,TRY 340,-6.8%
404,IHYAY,Ihlas Yayin,Istanbul,Consumer Cyclicals,Media & Publishing,TRY 2.17B,-6.3x,0.23,TRY 4.82,-9.9%
405,EMNIS,Eminis Ambalaj,Istanbul,Basic Materials,Containers & Packaging,TRY 2.17B,30.9x,0.2,TRY 350.25,0.1%
406,DERHL,Derluks Yatirim Holding AS,Istanbul,Consumer Cyclicals,Textiles & Apparel,TRY 2.17B,25x,-0.7,TRY 11.46,4.2%
407,KRGYO,Korfez GYO,Istanbul,Real Estate,Real Estate Operations,TRY 2.14B,15.5x,0.21,TRY 32.44,-0.2%
408,PINSU,Pinar Su,Istanbul,Consumer Non-Cyclicals,Beverages,TRY 2.14B,14.7x,0.58,TRY 22.80,3.6%
409,KIMMR,Ersan Alışveriş Hizmetleri ve Gıda,Istanbul,Consumer Non-Cyclicals,Food & Drug Retailing,TRY 2.13B,6.8x,0.03,TRY 9.07,1.8%
410,EMKEL,EMEK Elektirik,Istanbul,Industrials,"Machinery, Tools, Heavy Vehicles, Trains & Ships",TRY 2.11B,-32.8x,1.34,TRY 14.10,-0.6%
411,KFEIN,Kafein Yazilim,Istanbul,Technology,Software & IT Services,TRY 2.10B,8.3x,0.03,TRY 106.70,2.9%
412,TLMAN,Trabzon Liman Isletmeciligi,Istanbul,Industrials,Transport Infrastructure,TRY 2.10B,12.4x,-0.49,TRY 100.70,2.4%
413,ALMAD,Altinyag,Istanbul,Consumer Non-Cyclicals,Food & Tobacco,TRY 2.07B,"-3,770x",-34.89,TRY 7.52,1.6%
414,MARTI,Marti Otel,Istanbul,Consumer Cyclicals,Hotels & Entertainment Services,TRY 2.07B,10.4x,,TRY 3.49,2.1%
415,SODSN,Sodas Sodyum,Istanbul,Basic Materials,Chemicals,TRY 2.06B,47.9x,0.73,TRY 137.50,-1.1%
416,ADESE,Adese Gayrimenkul,Istanbul,Consumer Non-Cyclicals,Food & Drug Retailing,TRY 2.06B,1.1x,0,TRY 2.03,1%
417,KLMSN,Klimasan Klima,Istanbul,Industrials,"Machinery, Tools, Heavy Vehicles, Trains & Ships",TRY 2.04B,-103.9x,-0.7,TRY 25.40,0.8%
418,BYDNR,Baydoner Restoranlari AS,Istanbul,Consumer Cyclicals,Hotels & Entertainment Services,TRY 2.02B,14.7x,-0.51,TRY 24.44,1.4%
419,FORMT,Formet Celik Kapi,Istanbul,Consumer Cyclicals,Homebuilding & Construction Supplies,TRY 1.99B,-10.2x,-0.67,TRY 3.68,8.9%
420,VKING,Viking Kagit,Istanbul,Consumer Non-Cyclicals,Personal & Household Products & Services,TRY 1.97B,-17.8x,0.08,TRY 47,1%
421,RUBNS,Rubenis Tekstil Sanayi Ticaret AS,Istanbul,Consumer Cyclicals,Textiles & Apparel,TRY 1.95B,30x,0.05,TRY 28.18,7.6%
422,DERIM,Derimod,Istanbul,Consumer Cyclicals,Specialty Retailers,TRY 1.93B,-417.6x,-5.33,TRY 35.70,-0.1%
423,MRGYO,Marti GYO,Istanbul,Real Estate,Residential & Commercial REITs,TRY 1.93B,1.5x,-0.17,TRY 5.14,1.6%
424,LIDFA,Lider Faktoring,Istanbul,Financials,Banking Services,TRY 1.90B,3.1x,0.03,TRY 3.41,2.1%
425,KRONT,Kron Telekom,Istanbul,Technology,Software & IT Services,TRY 1.89B,38.9x,0.22,TRY 22.12,5.2%
426,TUCLK,Tugcelik Aluminyum,Istanbul,Basic Materials,Metals & Mining,TRY 1.89B,5.5x,0.11,TRY 10.48,1.8%
427,DITAS,Ditas,Istanbul,Consumer Cyclicals,Automobiles & Auto Parts,TRY 1.88B,-30.3x,0.05,TRY 22.38,1.8%
428,DOFER,Dofer Yapi Malzemeleri Sanayi ve,Istanbul,Consumer Cyclicals,Homebuilding & Construction Supplies,TRY 1.87B,18.9x,,TRY 33.88,1.1%
429,AGYO,Atakule GYO,Istanbul,Real Estate,Residential & Commercial REITs,TRY 1.87B,2.8x,-0.06,TRY 7.10,2.6%
430,DZGYO,Deniz GYO,Istanbul,Real Estate,Residential & Commercial REITs,TRY 1.85B,27.4x,-0.37,TRY 4.64,1.3%
431,PCILT,Pc İletişim ve Medya Hizmetleri,Istanbul,Consumer Cyclicals,Media & Publishing,TRY 1.84B,5.2x,0.02,TRY 15.84,1.7%
432,ULUFA,Ulusal Faktoring AS,Istanbul,Financials,Banking Services,TRY 1.81B,3.2x,0.01,TRY 14,3.3%
433,SAFKR,Safkar Ege Sogutmacilik,Istanbul,Consumer Cyclicals,Automobiles & Auto Parts,TRY 1.80B,17.1x,0.08,TRY 51,0%
434,DENGE,Denge Yatirim,Istanbul,Financials,Investment Holding Companies,TRY 1.78B,4.4x,0.03,TRY 6.07,5.8%
435,ZEDUR,Zedur Enerji,Istanbul,Consumer Cyclicals,Hotels & Entertainment Services,TRY 1.77B,8.9x,-0.58,TRY 10.20,0.8%
436,EYGYO,Eyg Gayrimenkul Yatirim Ortakligi,Istanbul,,,TRY 1.75B,10.1x,,TRY 8.90,2%
437,IHLAS,Ihlas Holding,Istanbul,Consumer Cyclicals,Homebuilding & Construction Supplies,TRY 1.71B,0.7x,0,TRY 1.14,1.8%
438,PKART,Plastikkart,Istanbul,Industrials,Professional & Commercial Services,TRY 1.70B,77.5x,0.57,TRY 74.60,1.4%
439,OBASE,Obase Bilgisayar ve Danismanlik,Istanbul,Technology,Software & IT Services,TRY 1.68B,-825.9x,-8.39,TRY 38.20,3.4%
440,ISGSY,Is Girisim,Istanbul,Financials,Investment Banking & Investment Services,TRY 1.66B,2.9x,-0.08,TRY 22.34,1.4%
441,YYAPI,Yesil Yapi,Istanbul,Industrials,Construction & Engineering,TRY 1.65B,2x,0.03,TRY 5.13,1%
442,TEKTU,Tek-Art Insaat,Istanbul,Industrials,Construction & Engineering,TRY 1.64B,20.5x,0.01,TRY 5.43,-2.9%
443,SKYMD,Seker Yatirim Menkul Degerler AS,Istanbul,Financials,Investment Banking & Investment Services,TRY 1.64B,28.2x,0.16,TRY 10.76,2%
444,SAMAT,Saray,Istanbul,Industrials,Professional & Commercial Services,TRY 1.61B,168.2x,-3.25,TRY 43.96,0.2%
445,MSGYO,Mistral GYO,Istanbul,Real Estate,Residential & Commercial REITs,TRY 1.60B,2x,-0.4,TRY 11.92,2.4%
446,KARYE,Kartal Yenilenebilir Enerji Uretim AS,Istanbul,Utilities,Electrical Utilities & IPPs,TRY 1.59B,15.6x,-0.53,TRY 29.06,0.7%
447,CEOEM,CEO Event Medya,Istanbul,Industrials,Professional & Commercial Services,TRY 1.58B,81.7x,0.27,TRY 36.90,2.8%
448,MAKTK,MTE,Istanbul,Industrials,"Machinery, Tools, Heavy Vehicles, Trains & Ships",TRY 1.56B,10.5x,0.16,TRY 7.82,6.8%
449,METUR,Metemtur Yatırım,Istanbul,Consumer Cyclicals,Homebuilding & Construction Supplies,TRY 1.55B,23.4x,0.22,TRY 14.28,-2.5%
450,BURCE,Burcelik,Istanbul,Industrials,"Machinery, Tools, Heavy Vehicles, Trains & Ships",TRY 1.52B,31.1x,-0.65,TRY 181,3%
451,BRKO,Birko Birlesik,Istanbul,Consumer Cyclicals,Textiles & Apparel,TRY 1.51B,-4x,-0.06,TRY 10.75,-5.5%
452,ARZUM,Arzum Elektrikli Ev Aletleri Sanayi ve Ticaret,Istanbul,Consumer Cyclicals,Household Goods,TRY 1.50B,-97.3x,-0.86,TRY 47.04,0.8%
453,CUSAN,Cuhadaroglu,Istanbul,Industrials,Construction & Engineering,TRY 1.48B,-4.3x,0.01,TRY 20.90,4.2%
454,GMTAS,Gimat Magazacilik Sanayi ve Ticaret AS,Istanbul,Consumer Cyclicals,Diversified Retail,TRY 1.48B,16.8x,0.03,TRY 9.83,-0.7%
455,ISYAT,Is Yatirim Ortakligi,Istanbul,Financials,Investment Banking & Investment Services,TRY 1.45B,-36.8x,-0.46,TRY 9.01,0.8%
456,GLRYH,Guler Holding,Istanbul,Financials,Investment Banking & Investment Services,TRY 1.45B,4.2x,0.48,TRY 12.08,6.2%
457,DNISI,Dinamik Isi Makina Yalitim Malzemeleri,Istanbul,Basic Materials,Chemicals,TRY 1.44B,91.8x,0.12,TRY 12.70,5.3%
458,ICUGS,Icu Girisim Sermayesi Yatirim Ortakligi AS,Istanbul,Financials,Investment Banking & Investment Services,TRY 1.42B,-18.7x,0.09,TRY 20.58,0.1%
459,GLBMD,Global Menkul,Istanbul,Financials,Investment Banking & Investment Services,TRY 1.38B,10.3x,0.03,TRY 11.75,-0.6%
460,BNTAS,Bantas Bandirma,Istanbul,Basic Materials,Containers & Packaging,TRY 1.38B,6.6x,0.04,TRY 11.40,1.2%
461,RTALB,RTA,Istanbul,Healthcare,Pharmaceuticals,TRY 1.37B,11.5x,0.03,TRY 13.67,10%
462,EDIP,Edip Gayrimenkul,Istanbul,Real Estate,Real Estate Operations,TRY 1.37B,0.8x,0.03,TRY 21.08,0.5%
463,KGYO,Yapi Kredi Koray,Istanbul,Real Estate,Residential & Commercial REITs,TRY 1.37B,2.7x,0,TRY 34.06,-0.5%
464,IHLGM,Ihlas Gayrimenkul,Istanbul,Industrials,Construction & Engineering,TRY 1.36B,-2.8x,-0.04,TRY 1.37,2.2%
465,ACSEL,Aciselsan,Istanbul,Basic Materials,Chemicals,TRY 1.36B,16.6x,2.55,TRY 127.40,1.1%
466,KUVVA,Kuvva Gida Ticaret ve Sanayi Yatirimlari AS,Istanbul,Consumer Cyclicals,Media & Publishing,TRY 1.33B,9.2x,0.01,TRY 43,-2%
467,YONGA,Yonga Mobilya,Istanbul,Consumer Cyclicals,Household Goods,TRY 1.32B,-5x,0.01,TRY 79.80,2%
468,DURDO,Duran Dogan,Istanbul,Basic Materials,Containers & Packaging,TRY 1.29B,6.1x,-0.23,TRY 12.97,4.1%
469,METRO,Metro Holding,Istanbul,Financials,Investment Holding Companies,TRY 1.28B,-0.8x,0,TRY 2.43,-0.4%
470,AVHOL,Avrupa Yatirim,Istanbul,Industrials,Professional & Commercial Services,TRY 1.26B,36x,0.06,TRY 33.80,-1.6%
471,KRSTL,Kristal Kola,Istanbul,Consumer Non-Cyclicals,Beverages,TRY 1.26B,90.3x,0.81,TRY 6.56,2.8%
472,EPLAS,Egeplast,Istanbul,Basic Materials,Chemicals,TRY 1.25B,-16x,0.17,TRY 6.56,1.9%
473,MARKA,Marka Yatirim,Istanbul,Industrials,Professional & Commercial Services,TRY 1.24B,-628.2x,7.05,TRY 59,-4.8%
474,MEGAP,Mega Polietilen,Istanbul,Basic Materials,Chemicals,TRY 1.24B,6.8x,17.63,TRY 4.98,1%
475,PENGD,Penguen Gida,Istanbul,Consumer Non-Cyclicals,Food & Tobacco,TRY 1.23B,-8.4x,0.03,TRY 7.03,2.9%
476,OZGYO,Ozderici GYO,Istanbul,Real Estate,Residential & Commercial REITs,TRY 1.22B,136x,-1.25,TRY 5.43,1.1%
477,AYES,Ayes,Istanbul,Basic Materials,Metals & Mining,TRY 1.21B,15x,-4.14,TRY 42.02,2%
478,PRDGS,Pardus Girisim Sermayesi Yatirim,Istanbul,Financials,Investment Banking & Investment Services,TRY 1.21B,1.8x,,TRY 6.27,1.5%
479,DGATE,Datagate,Istanbul,Technology,"Computers, Phones & Household Electronics",TRY 1.19B,-9.5x,-0.37,TRY 40.32,3.4%
480,GSDDE,GSD Marin,Istanbul,Industrials,Freight & Logistics Services,TRY 1.19B,-4.9x,0.02,TRY 7.99,1.9%
481,KERVN,Kervansaray,Istanbul,Consumer Cyclicals,Hotels & Entertainment Services,TRY 1.18B,4.3x,0.02,TRY 2.05,3%
482,MERKO,Merko Gida,Istanbul,Consumer Non-Cyclicals,Food & Tobacco,TRY 1.18B,28.9x,0.18,TRY 11.66,10%
483,FADE,Fade Gida,Istanbul,Consumer Non-Cyclicals,Food & Tobacco,TRY 1.17B,128.6x,-1.19,TRY 15.33,10%
484,MANAS,Manas Enerji Yonetimi Sanayi Ticaret AS,Istanbul,Industrials,"Machinery, Tools, Heavy Vehicles, Trains & Ships",TRY 1.16B,44.5x,0.15,TRY 14.03,0.1%
485,DAGI,Dagi,Istanbul,Consumer Cyclicals,Textiles & Apparel,TRY 1.16B,8.1x,0,TRY 8.88,0.2%
486,SELGD,Selcuk Gida,Istanbul,Consumer Non-Cyclicals,Food & Tobacco,TRY 1.14B,32.9x,-0.58,TRY 51.75,-1.4%
487,BAYRK,Bayrak,Istanbul,Consumer Cyclicals,Textiles & Apparel,TRY 1.14B,91.2x,0.41,TRY 23.74,-1.8%
488,DESPC,Despec,Istanbul,Technology,Office Equipment,TRY 1.12B,-15.8x,-0.38,TRY 49.86,10%
489,SKYLP,Skyalp Finansal Teknolojiler ve Danismanlik AS,Istanbul,Industrials,Professional & Commercial Services,TRY 1.11B,32.7x,0.98,TRY 117.40,6%
490,DMSAS,Demisas,Istanbul,Basic Materials,Metals & Mining,TRY 1.08B,2.7x,0.03,TRY 5.39,2.7%
491,SKTAS,Soktas,Istanbul,Consumer Cyclicals,Textiles & Apparel,TRY 1.08B,-8.1x,-0.12,TRY 4.85,-0.2%
492,OSTIM,Ostim,Istanbul,Industrials,Construction & Engineering,TRY 1.07B,3.6x,0.03,TRY 6.79,2.1%
493,FRIGO,Frigo Pak,Istanbul,Consumer Non-Cyclicals,Food & Tobacco,TRY 1.05B,-17.1x,3.61,TRY 7.12,4.5%
494,SELVA,Selva Gida Sanayi AS,Istanbul,Consumer Non-Cyclicals,Food & Tobacco,TRY 1.01B,2.9x,0,TRY 13.43,3.4%
495,TMPOL,Temapol,Istanbul,Basic Materials,Chemicals,TRY 1.01B,39.6x,-1.64,TRY 71.40,2.1%
496,TGSAS,TGS,Istanbul,Industrials,Professional & Commercial Services,TRY 1.01B,34.3x,0.12,TRY 67.35,2%
497,GEDZA,Gediz Ambalaj,Istanbul,Basic Materials,Chemicals,TRY 1B,-29.7x,0.19,TRY 21.56,2.8%
498,KRTEK,Karsu Tekstil,Istanbul,Consumer Cyclicals,Textiles & Apparel,TRY 999.66M,-18.8x,0.15,TRY 28.58,-0.1%
499,DOGUB,Dogusan Boru,Istanbul,Consumer Cyclicals,Homebuilding & Construction Supplies,TRY 996.06M,-59.1x,1.88,TRY 25.56,-1.7%
500,SMART,Smartiks Yazilim,Istanbul,Technology,Software & IT Services,TRY 990.92M,24x,0.12,TRY 31.74,2.1%
501,IZINV,Iz Yatirim Holding,Istanbul,Financials,Investment Holding Companies,TRY 988.70M,563.3x,5.28,TRY 63.95,1.9%
502,PRZMA,Prizma Pres,Istanbul,Industrials,Professional & Commercial Services,TRY 988.32M,24.1x,0.14,TRY 41.26,0.2%
503,IHGZT,Ihlas Gazetecilik,Istanbul,Consumer Cyclicals,Media & Publishing,TRY 984M,-1.4x,0.01,TRY 1.23,1.6%
504,BRKSN,Berkosan,Istanbul,Basic Materials,Containers & Packaging,TRY 964.70M,11.7x,0,TRY 31.02,2.5%
505,HDFGS,HEDEF Girisim,Istanbul,Financials,Investment Banking & Investment Services,TRY 943.55M,23.5x,,TRY 1.68,1.2%
506,SEKFK,Seker Leasing,Istanbul,Financials,Banking Services,TRY 941M,4.7x,,TRY 9.41,-0.4%
507,ATSYH,Atlantis Holding,Istanbul,Consumer Non-Cyclicals,Food & Tobacco,TRY 904M,70.6x,-1.6,TRY 124,3.1%
508,FLAP,Flap Kongre,Istanbul,Consumer Cyclicals,Media & Publishing,TRY 899.06M,8.5x,0.04,TRY 9.71,1.6%
509,ORCAY,Orcay Ortakoy Cay Sanayi Ticaret AS,Istanbul,Consumer Non-Cyclicals,Food & Tobacco,TRY 893.60M,-34.1x,-4.78,TRY 11.01,-1.4%
510,ERSU,ERSU,Istanbul,Consumer Non-Cyclicals,Food & Tobacco,TRY 882M,348.2x,3.96,TRY 23.98,-6.2%
511,YESIL,Yesil Yatirim,Istanbul,Financials,Investment Holding Companies,TRY 877.20M,-110.5x,-0.11,TRY 4.08,0.5%
512,ETILR,Etiler Inci Bufe Gida,Istanbul,Consumer Cyclicals,Hotels & Entertainment Services,TRY 868.80M,343.8x,-5.76,TRY 21.74,1.9%
513,AKYHO,Akdeniz Yatirim,Istanbul,Industrials,Professional & Commercial Services,TRY 865.05M,-93.3x,-1.2,TRY 7.08,-1.5%
514,AVGYO,Avrasya GYO,Istanbul,Real Estate,Residential & Commercial REITs,TRY 863.78M,23x,-0.34,TRY 7.76,0.9%
515,HATEK,Hateks,Istanbul,Consumer Cyclicals,Textiles & Apparel,TRY 858.06M,-2.7x,0,TRY 13.61,0.8%
516,AVOD,AVOD,Istanbul,Consumer Non-Cyclicals,Food & Tobacco,TRY 855.90M,-8.7x,0.45,TRY 3.15,2.6%
517,NIBAS,Nigbas Nigde Beton,Istanbul,Basic Materials,Construction Materials,TRY 855.90M,12.5x,0.06,TRY 15.80,3.5%
518,YAYLA,Yayla Enerji,Istanbul,Utilities,Electrical Utilities & IPPs,TRY 845.38M,16.6x,-0.38,TRY 17.04,-0.4%
519,AKSUE,Aksu Enerji ve Ticaret,Istanbul,Utilities,Electrical Utilities & IPPs,TRY 837.54M,9.5x,0.01,TRY 12.65,-0.1%
520,OYLUM,Oylum Sinai Yatirimlar,Istanbul,Consumer Non-Cyclicals,Food & Tobacco,TRY 836.40M,23.8x,-0.28,TRY 9.88,0.6%
521,SILVR,Silverline,Istanbul,Consumer Cyclicals,Household Goods,TRY 823.50M,21.3x,-0.36,TRY 18.40,-0.2%
522,RNPOL,Rainbow Polikarbonat Sanayi Ticaret AS,Istanbul,Basic Materials,Chemicals,TRY 814.20M,-13.2x,0.07,TRY 27.36,0.8%
523,MZHLD,Mazhar Zorlu,Istanbul,Basic Materials,Containers & Packaging,TRY 804.42M,-23.2x,0.17,TRY 7.37,2.5%
524,IHEVA,Ihlas Ev Aletleri Imalat,Istanbul,Consumer Cyclicals,Household Goods,TRY 799.83M,-6.2x,-0.11,TRY 2.40,1.3%
525,BURVA,Burcelik Vana,Istanbul,Industrials,"Machinery, Tools, Heavy Vehicles, Trains & Ships",TRY 792.81M,176.6x,-3.02,TRY 107.50,2.7%
526,BMSCH,BMS Celik Hasir Sanayi ve Ticaret AS,Istanbul,Basic Materials,Metals & Mining,TRY 772.94M,92.3x,0.73,TRY 21.48,0.3%
527,COSMO,Cosmos,Istanbul,Financials,Investment Holding Companies,TRY 771.57M,-158.6x,0.99,TRY 118,0.1%
528,OZRDN,Ozerden Plastik,Istanbul,Basic Materials,Containers & Packaging,TRY 768.60M,8.3x,0.06,TRY 36.78,1.5%
529,DIRIT,Diriteks,Istanbul,Consumer Cyclicals,Textiles & Apparel,TRY 756.15M,16x,0.75,TRY 63.90,-9.9%
530,MEPET,Mepet Metro,Istanbul,Energy,Oil & Gas,TRY 753.50M,9.3x,0.08,TRY 9.97,0.5%
531,TDGYO,Trend Gayrimenkul Yatirim Ortakligi,Istanbul,Real Estate,Residential & Commercial REITs,TRY 714.15M,21.5x,0.17,TRY 10.33,-1.4%
532,HUBVC,Hub Girisim Sermayesi,Istanbul,Financials,Banking Services,TRY 707.70M,46.2x,0.41,TRY 10.19,3.4%
533,EUHOL,Euro Yatirim,Istanbul,Financials,Investment Banking & Investment Services,TRY 690M,-11.5x,0.59,TRY 4.62,5%
534,CRDFA,Creditwest,Istanbul,Financials,Banking Services,TRY 683M,6.1x,0.04,TRY 6.79,1.5%
535,EKIZ,Ekiz Kimya,Istanbul,Consumer Non-Cyclicals,Food & Tobacco,TRY 682.87M,5.3x,0.02,TRY 72.90,1.1%
536,RODRG,Rodrigo,Istanbul,Consumer Cyclicals,Textiles & Apparel,TRY 671.66M,65.5x,0.52,TRY 23.52,3.1%
537,OYAYO,OYAK YO,Istanbul,Financials,Banking Services,TRY 651.60M,-88.2x,-1.84,TRY 32.36,1.9%
538,VKFYO,Vakif Menkul,Istanbul,Financials,Banking Services,TRY 608.40M,-45.9x,-0.79,TRY 20.28,-1.5%
539,BALAT,Balatacilar,Istanbul,Consumer Cyclicals,Automobiles & Auto Parts,TRY 575.40M,20.4x,0.01,TRY 40.22,-0.3%
540,ATAGY,Ata GYO,Istanbul,Real Estate,Residential & Commercial REITs,TRY 571.90M,19.5x,-0.26,TRY 11.96,-0.7%
541,ULAS,Ulaslar Turizm,Istanbul,Consumer Cyclicals,Hotels & Entertainment Services,TRY 566.02M,4.8x,,TRY 21.90,-1.4%
542,SEKUR,Sekuro Plastik Ambalaj,Istanbul,Basic Materials,Containers & Packaging,TRY 554.50M,-2.8x,0.02,TRY 11.37,3.8%
543,MTRYO,Metro Yatirim Ortakligi,Istanbul,Financials,Banking Services,TRY 551.88M,13.3x,0.01,TRY 13.14,-10%
544,PSDTC,Pergamon Status,Istanbul,Consumer Cyclicals,Textiles & Apparel,TRY 547.22M,32.2x,0.33,TRY 73.20,1%
545,SNKRN,Senkron Guvenlik,Istanbul,Technology,Communications & Networking,TRY 539.24M,-20.1x,0.02,TRY 69.65,7.2%
546,SANEL,SAN-EL,Istanbul,Industrials,"Machinery, Tools, Heavy Vehicles, Trains & Ships",TRY 494.72M,-19.3x,0.18,TRY 27.06,1.2%
547,AVTUR,Avtur,Istanbul,Financials,Banking Services,TRY 488.70M,6.2x,0.07,TRY 10.90,1%
548,UMPAS,Umpas,Istanbul,Consumer Cyclicals,Homebuilding & Construction Supplies,TRY 478.02M,-500x,4.67,TRY 11.70,-0.3%
549,DAGHL,Dagi Yatirim,Istanbul,Financials,Investment Holding Companies,TRY 474M,-11.7x,0.06,TRY 15.97,1.1%
550,SEYKM,Seyitler Kimya,Istanbul,Healthcare,Healthcare Equipment & Supplies,TRY 456M,-6.7x,0.01,TRY 4.52,2%
551,CASA,Casa Emtia Petrol Kimyevi,Istanbul,Consumer Non-Cyclicals,Food & Tobacco,TRY 450.80M,2.8x,0.14,TRY 92,-0.4%
552,VANGD,Vanet,Istanbul,Consumer Non-Cyclicals,Food & Tobacco,TRY 445.50M,-13.1x,0.05,TRY 17.86,-3%
553,ROYAL,Royal Hali,Istanbul,Consumer Cyclicals,Household Goods,TRY 408M,2.1x,0.01,TRY 6.80,0%
554,ATLAS,Atlas YO,Istanbul,Financials,Banking Services,TRY 367.20M,8.9x,0.01,TRY 6.28,-1.7%
555,MMCAS,MMC Sanayi,Istanbul,Industrials,Professional & Commercial Services,TRY 359.83M,-178.7x,,TRY 26,-3.6%
556,EUKYO,Euro Kapital,Istanbul,Financials,Investment Banking & Investment Services,TRY 333.80M,-31x,0.08,TRY 16.64,0.2%
557,GRNYO,Garanti YO,Istanbul,Financials,Investment Banking & Investment Services,TRY 328.12M,-36.4x,-0.46,TRY 8.66,0.5%
558,BRMEN,Birlik Mensucat,Istanbul,Consumer Cyclicals,Textiles & Apparel,TRY 270.44M,-25x,0.05,TRY 6.09,-3.3%
559,ETYAT,Euro Trend YO,Istanbul,Financials,Investment Banking & Investment Services,TRY 256M,-22.5x,-0.31,TRY 12.74,1.1%
560,EUYO,Euro Menkul,Istanbul,Financials,Banking Services,TRY 227M,-20.6x,-0.29,TRY 11.39,-0.1%
561,IDGYO,Idealist GYO,Istanbul,Real Estate,Residential & Commercial REITs,TRY 147M,-1.4x,0.01,TRY 2.90,-0.7%
562,TPYGI,Tera Portfoy Yonetimi AS,Istanbul,,,,,,"TRY 1,551.50",0%
563,TPYTI,Tera Portfoy Yonetimi AS,Istanbul,,,,,,"TRY 4,181",0%
